-- MySQL Administrator dump 1.4
--
-- ------------------------------------------------------
-- Server version	5.0.45-community-nt


/*!40101 SET @OLD_CHARACTER_SET_CLIENT=@@CHARACTER_SET_CLIENT */;
/*!40101 SET @OLD_CHARACTER_SET_RESULTS=@@CHARACTER_SET_RESULTS */;
/*!40101 SET @OLD_COLLATION_CONNECTION=@@COLLATION_CONNECTION */;
/*!40101 SET NAMES utf8 */;

/*!40014 SET @OLD_UNIQUE_CHECKS=@@UNIQUE_CHECKS, UNIQUE_CHECKS=0 */;
/*!40014 SET @OLD_FOREIGN_KEY_CHECKS=@@FOREIGN_KEY_CHECKS, FOREIGN_KEY_CHECKS=0 */;
/*!40101 SET @OLD_SQL_MODE=@@SQL_MODE, SQL_MODE='NO_AUTO_VALUE_ON_ZERO' */;


--
-- Create schema agency
--

CREATE DATABASE IF NOT EXISTS agency;
USE agency;

--
-- Definition of table `bus`
--

DROP TABLE IF EXISTS `bus`;
CREATE TABLE `bus` (
  `id` int(10) NOT NULL auto_increment,
  `bus_number` char(12) default NULL,
  `bus_type` char(20) default NULL,
  `seat` int(11) default NULL,
  `bus_from` char(20) default NULL,
  `bus_to` char(20) default NULL,
  `departure` char(20) default NULL,
  `arrival` char(10) default NULL,
  `date` char(15) default NULL,
  `fare` char(15) default NULL,
  `driver_id` int(11) default NULL,
  PRIMARY KEY  (`id`)
) ENGINE=InnoDB AUTO_INCREMENT=15 DEFAULT CHARSET=latin1;

--
-- Dumping data for table `bus`
--

/*!40000 ALTER TABLE `bus` DISABLE KEYS */;
INSERT INTO `bus` (`id`,`bus_number`,`bus_type`,`seat`,`bus_from`,`bus_to`,`departure`,`arrival`,`date`,`fare`,`driver_id`) VALUES 
 (7,'MP13PR1111','AC Seater',50,'Ujjain','Indore','14:00','15:00',NULL,'1000',3),
 (8,'MP04RP1111','AC Sleeper',30,'Bhopal','Banglore','20:00','13:00',NULL,'1000',3),
 (9,'MP04AM2245','Non-AC Seater',60,'Mumbai','Ujjain','18:00','06:00',NULL,'1000',3),
 (10,'GJ12AM1212','Non-AC Seater',40,'Ujjain','Mumbai','13:00','01:00',NULL,'1000',3),
 (11,'mp04AM9999','Volvo',20,'Delhi','Mumbai','22:00','15:00',NULL,'1000',3),
 (12,'hp10op1111','Non-AC Seater',25,'Delhi','Jammu','10:00','17:00',NULL,'1000',3),
 (13,'HP04HM1010','Volvo',20,'Jammu','Katra','14:00','15:30','2015-03-27','1000',3),
 (14,'ds21dp1234','Non-AC Seater',23,'jsd','jlk','00:01','12:01','2015-03-26','1000',3);
/*!40000 ALTER TABLE `bus` ENABLE KEYS */;


--
-- Definition of table `bus_booking`
--

DROP TABLE IF EXISTS `bus_booking`;
CREATE TABLE `bus_booking` (
  `bus_id` int(11) default NULL,
  `passenger_id` int(11) default NULL,
  `booking_date` char(20) default NULL,
  `journey_date` char(15) default NULL,
  `fare` char(20) default NULL,
  `person` int(11) default NULL,
  `id` int(11) NOT NULL auto_increment,
  PRIMARY KEY  (`id`)
) ENGINE=InnoDB AUTO_INCREMENT=18 DEFAULT CHARSET=latin1;

--
-- Dumping data for table `bus_booking`
--

/*!40000 ALTER TABLE `bus_booking` DISABLE KEYS */;
INSERT INTO `bus_booking` (`bus_id`,`passenger_id`,`booking_date`,`journey_date`,`fare`,`person`,`id`) VALUES 
 (10,6,'26-03-2015','2015-03-27','1000',8,5),
 (10,6,'26-03-2015','2015-03-27','1000',8,6),
 (10,6,'26-03-2015','2015-03-27','1000',8,7),
 (10,6,'26-03-2015','2015-03-27','1000',8,8),
 (10,6,'26-03-2015','2015-03-27','1000',8,9),
 (10,6,'26-03-2015','2015-03-27','1000',8,10),
 (10,6,'26-03-2015','2015-03-27','1000',8,11),
 (10,6,'26-03-2015','2015-03-27','1000',8,12),
 (10,6,'31-03-2015','2015-11-30','1000',5,13),
 (9,6,'31-03-2015','2015-03-19','1000',5,14),
 (10,6,'31-03-2015','2015-04-01','1000',9,15),
 (9,6,'31-03-2015','2015-04-13','1000',1,17);
/*!40000 ALTER TABLE `bus_booking` ENABLE KEYS */;


--
-- Definition of table `driver`
--

DROP TABLE IF EXISTS `driver`;
CREATE TABLE `driver` (
  `id` int(10) NOT NULL auto_increment,
  `first_name` char(20) default NULL,
  `last_name` char(20) default NULL,
  `contact_number` char(20) default NULL,
  `photo` blob,
  `licence` char(20) default NULL,
  PRIMARY KEY  (`id`)
) ENGINE=InnoDB AUTO_INCREMENT=13 DEFAULT CHARSET=latin1;

--
-- Dumping data for table `driver`
--

/*!40000 ALTER TABLE `driver` DISABLE KEYS */;
INSERT INTO `driver` (`id`,`first_name`,`last_name`,`contact_number`,`photo`,`licence`) VALUES 
 (2,'Ramu','Singh','5342343243','','sdfdsf'),
 (3,'abhishek','lal','3536263',NULL,NULL),
 (5,'Hiralal','Gupta','7744332211',NULL,NULL),
 (6,'dfgd','fgd','7000000000',0x89504E470D0A1A0A0000000D49484452000000C8000000C80806000000AD58AE9E0000001974455874536F6674776172650041646F626520496D616765526561647971C9653C000065204944415478DAECBD67B05DD77526F89D7DCE8D2FE78C07E021E7408209A4488AA4C4A82C4B2DCB41B2DBF258E5694FB9DDDD35335DAEF274F5B86C8FED769C962DAB2D6B244B962CC914298A2408428C20002287F71EF072CEEFBE9B4ED87BD65AFB825D5335353F66A68DC0B351172FDD7CF7B7D7F7ADE8186310AF78C5EBFF7E393140E215AF1820F18A570C9078C52B0648BCE21503245EF18A0112AF78C5008957BC6280C42B5E3140E215AF1820F18A57BC6280C42B5E3140E215AF1820F18A570C9078C52B0648BCE21503245EF18A0112AF78C5008957BC6280C42B5E3140E277215EF18A0112AF78C5008957BC6280C42B5E3140E215AF1820F18A570C9078C52B0648BCE21503245EF18A0112AF78D9B53C3FE30D9CBBB4636D79A9BEA9A979BEA9AB6DBAAB6FCB620C9078BDEFD7E0A58BADFFF4B5BFFD85232FBEF4BB2BC53C3AB3B5D8BC6DEB7FDA78E7FE93FBEF3C747CDF7DF75D8E0112AFF7E57AE3E523FBBEF7575FFDE22B2FBEF0E5F18579F95D155DEA9329643A3AB06953DFB7EF7FF8C1570E3FFDF88FB7ED3E381C03245EB7FC5A5D9A55E5A29F54C685514A6B1541E9C873E085709361536B93CECF4F258FBFFAFABD5FFB8BFFFCABAFBDFCE2A7CB74BB5A28B87409E91FFFEC57EEAFB3B901F73FFAC85F3EF5F18F7F77EFE1078F36B6B7873140E275CBAC85E989F4F2CC4CEBEAF24AFDEACA6AEDCCF45CEBE2F4EC77555886F2120878E3AB10263248266B7EA5A7A77B34B73C5FFFFD6F7FFB9B477EFA2A1C018783B47211255DBA7E1981EF22CD60D11172D048D07576EDBD139FF9E2677EFEE14F7CEA1FDA3A7B0A3140E27553AF01D20E5383D736F5BF7B6ADFC0F9737F363F358D7C6E0D4B2B2B282D2D43EB321C4F01DA41485FD23A4180F19068A841D90FB0303E89C0D1B43114E80B7ABB35D66F34582D188C8F02334B1ECA81468A1ECBC00361069B3A3BF033BFFA2F7FE5E95FFCC2575B6E334B1203E4365953C357EB4FBCF6DAE1D75F78F1D1D133E77E7D62761AB3853C4AE5085E4444CA90B5D0815806106972687B476405687F1320E8A2F83A64318C86A1AF6C610EECD2F8C4CF3BD87B8F8BD949E0DCA90067DE062E5CF0303BCBF7102249FF2FD0BDEDD9B805BFF6AF7FE353CF7CE957FEE1767A5FDDDFFEEDDF8E77D72DBEE62646B3DFFDDBAF7FFE7FFFB3BFF8BB0B6FBF73D7F8F818D6F27918B2086E140A383CDAF849024282C1415F1DB21E29A3042AFC2F4107A56B78CB2B828DC1C1031E7EF6570C1EFBA441C746A0B9CDA0772BB0657B02ADAD0AFE9AC6E2B426E2E5D1FDD1F74B0B282E2C645BDB9AC67AB66E1B8D0112AF9B669D7BFBADBD5FFBF3BFF8FED1B3E75015F8A413800C6D7AB9B80E4842C023BAE4380C084F20401C8B4E7F572C4A92C142A8710C5F1FD87B17F00BBFECE0FE670C52F506C525437F234D52EFA07383C2E6AD1AAD4D11F22B44B9A6E97E23C83D2E4C4F6F89425DDAB17FDF1BB58D8DA5DBE1BD55F1F6BAF5D7D0C52BDB8862A185BE6F7415AA64E32B94E8B246F4AA40AA808541642C340CFD5E34067FFA4A23220B50A29F93A4450EEC037EF14B0A0F3F4E3A236D304F00C82D29149681B57983C26A80FA568D073FA2F0E95F7570F73D0659BA5E1AFC3821DE79E3F5FFEEE51FFDC3276F97F7D68BB7D7ADBFA64747D7F98BCB686210440C06FA8F80E23A041465041229D7A0A19AF0E046F477B21B3A09E547585E73B04A6ADDD0757B36001FFCBCC63D4F03BE2601BE18211DD0DF120E74A445B194729AE85B02996AD226770428E614CAB908A7CE1118E9FE16A6A7F0CE733F7EFCEE479E7A76CB8E5DD33140E27543D7C2E46272656EBEA544A6214D34A9E86A64091CAD8D405B4788C60E3AE10939995AA02E190A1D5244A34AB499CF9D230BF196033FD468AFD738FC28F0C863841DBA4E3117220C888E11C0145919D74B2128FB08096865FAEAAF92A027FAB6630F70FF630663D32E5626C86A05012EBC7BF5E3EFFCF8E51F1040FE360648BC6EE80A83D5E44231F7AF56587718DEDC1E0EDE6B70E85E87C4B541557D848606D218242E0AF90851C9854B001A1D0B71E6040121B47EAD43F7004F7C94285A8BC2DC0AC9F40015A2463C2CA43B7642684D7AA4ECA05422411FD085A8551559A5DDFB816D6F06989A53C8F904DADC02CEBD73FCCEA16B43DFDFB071C36AAC41E275C3D65A6EB97EB5B886803D2E74495711381ED178F829837D7700DDEB1DD491387113741AD2A79DA93608C9625CBB6C70FE0A5912D2285BBA80879F30D84CD72F160C221F22CA5DA2637C21894EC0D0281488C215093444BBB426CD41B70D8C417377027DBB80A68648F44D18680C9D39F9E581F36F1F8A457ABC6EE85A9A5B68CEAFE4E47B921168698ED0D50354D546D074F297F32E9616D8151C617591B4856F30DC1FE1CD17810912DF09CFE0A10F2BDC711F6D05A253851CC14111002A029E90808000932B90E5F0598B1824E8EF9EEB91DE2190903549D4001B7739E8EE54E219D304C0D9A1118C9C39BB677E7A321903245E37CE822CADD496D70AE29D424A615DB3832489EE956560854EFB904E7BA70424C922A8A40B3F52181B71707550A1964CCAC61E8D438FBA68E9240A3663E916C74948E11300148A7925A009CB46DCC49AFE18D1C52530260850861EB8BA3640CF7AD23CCD9E70F680FE2D97CA589D5CFB8320EF676380C4EB862D1D8449765DB1AFCAF35C74B47BC8D668B2268E0872C770BC9CA850481B9AFE3E3B0EF4F713787C17D98CC643F7025D1B38D3CA10785C18A2628948236D14829283D5A2864F284827488D905EF11CB21C6455FC288047B6A1A6CE4526CBDE338D7214D2BD68E17AABF4DDD2DA0A3D6EE196B620B148BFC5978D832B09F8798900D50D06C96A489CC370FAADE6B8B84BA7BE42DA0B8992294C8DA5E88C8F505BA771CF073DB4B7D1A9EF1395A2CDADE43E3D9448D0978A6421884639C4DD58A0BB741FA1095155E310B83CA26F1AA317145E1F032E9F8A303EA86DE8318268A26210218C622F56BC6EE4721D1BD6A06FF9F46F6C715195B21F6B447F8A484407A5881913CAA43FA646234C8E936EF034766C053AB746E2F6F50BA42BE80E14698C32DDA644D42CF239FD84B50DDD0701CD4B19D4D5B2E7CC60E00270EE2D850B27818121204F942EC80319A25F86EE279120E075B72353952DC40089D70D5B2413600916F16545277B8D0D0A86B4D18DF89FC89284BCC923AC2C1ACC0C03CB6B11AADB813BEE54A41F202E5DE38BE910EF54D98FC8A290203746D24F58932432409AA8D4F29CC1B9E30E7E7A04387B46636986A894969BA29A659063846611D4D0D0588F7455550C9078DD4080B0E550564C2ADAD03AC147BE2F0E289B5F624913EB82B579606EDA11FAD3DE6AB0ED80834CCA113E640CA79C04042CD21E4CADC84A70562FAB7B95B6A929E324ECDF7E39C44F5F7670F112E91870DABB4183CB71168703F6084B86F44888D5A084B9B171E416171A1B9A5BE663911EAF1BB30C3B64ADF749474C6FE82B6D6CA654CCBB7CD2169A84BAE7BA28AF2ACCAEBA9256B2B1D1A0655D44548B301432408CDC3624B068DFB1F95AC4BD5249790C0C5D74F1DDBF06BEF74D85339748A4D335EA499334A4801D1B81871F5038B88F7EAEF6088BF45884CE33C77E8A2BA78EDFD2B190D882DCE22BA123CF8DB4FD30890B25028F2C01912E1712A7E03FA9246FFE08AB4476E64B2152646536AE277AC5855221590E631318430253546094787048D067AA43A15757CE013FFCFB086F1CF3902FDA1A12226E68AC37D8B30BD8B72F81AD5B43D2360AA51502E14A209A68B0FF2A2EBC7B7ED7DE07275F6A6DEFF4630B12AF7FF6A5E16892E0429BCA1E6907A5A5180A91071526090009B8E52409688505CEC6CD1B34D5019BBA0DAA6A348A24E403F607939508432BD059AFB0EB3641A2FFEA0517CF7F3381378F3904B080FE0EC9C1DAB543E1E9A75C3CF228B061AB81570334F544D8B137404F23A4F664392C6374B0FF779767675B638A15AF1BB232D9EA3545BB9901E26876D01A4929E1135EB3256109AF2311CE659FAC44944055A38BA6F5864437FD3E74859245040E4D1646D139CFF18D74CAC5E825851F7DD7E027AF45582CD8ACE04E12F5F77D00F8F0530677DCA5D0D44E729CDDBF65078D4D2EB6EE76D0B591F35492D2E461616A168B5333ED31C58AD70D59F50D4D8B5555D5B6F0892B03394E475620628F14599350D2453850C88986A43F888271FCA3A15B1310C86210204C487F2FF0262760A4C972641DCC8D1B3CFF7DE0F9570C660838AD04B98D9D0E0E90A2D87348A1B58D6E174564755C243D2D805C5DA0DBCD28F8747FDABA06905F5A2380CCC50089D78D59758D8D8B0D5519F920D9EB1492C08ECA1A2659A9ABE5B88476491BF858268AA54873B4561B34D45A611FF22627CB1204743DCFC02570E457358EBD4800791998CC2974A51436756ADCFF1051AB7D0EAA3224C28B64714C0045E060E7C0F40C70F14284CB173810C9F194B2743DF1CB45E4D772D53140E2754356B6BA6AADBE2A259B31E77B5859054AC588847824D44719473C54015981E2B2873451AE866C28DEA9A0C41176039F893681833B9594D734CEBD6DF0FDE781F179071DA437F66D3238FC418D759B41B74BA25064EBA049A33858A4EFAF9E4BE0EC498DAB4321D672100DE439B68796A6FBA527A76380C4EB862C3799F2ABAAAB7E9F8EE8DF8C421FABCB74BA13954A3A463C50ECBA35CA4838C44401D2499728968794174AA2A176499B94487B042E3C42D9E4B4C61B47C81A8C1118084E87B66B3CF058191BB77B649922BA6E80642DEF7C83E12BC03BEF0097077DCCCC41525B92E0CAC3009149D3FF25D236EC42706380C4EB0651ACD616DDD8D23AD798A6AD4982627E26423E0F5473F62E97DBAA8A08E784C5C0A03A15112DA35FA71CB8647112EC96E2060E594D16C6E0F409E095E364594A1A776EF5F100D1AACDDB5C11FA649390AC899023309C7F57E1C4BBA439463572255BC2CBD758912C2F8EA697C0CAA86FD71E746EDED41F03245E376CF56CDC34D8D8D282AB1313989E3352D8E46A85B404C9498F707C840091ADA3139E3B94B06951B643220706B9AB090743AE5C5478E147A42156340E74038F3C1461D34E0292B2229F381B26FA5D9C3D4E403A6330B960BD650502429900C1F191A64C0A7DBB77A17753DF9F77F66EBEBAFF9E7BDFDABA6BF7F91820F1BA61ABABAF6FB069DD069C1C9BC0E42C69919C239EAB146DE8B2C39E26A08A34475D9DC29C3292C61E46DC0B2B443952920B3C4722FBCDB71C9CB94216A349E3910715B6ECA10D9221EC90AEC897148687354E1C53387FC9C132E7CFDBE476CEB3C7FAEE0E6C59BFEEFBBBF6ED7B77CF430F1CDB72E0E0A9AEEE5BBBDC3606C86DB21A3BDA663BD7AF47F2F5D730BFE0607E8A080E51A46CC62143A1A0430203111F8EB473B62E57FC69E34AC7454596A64CBFBB7049E3DD331A35098D47EF05761C74E06549C013308AAB1ECE9DD378F3CD0003C30440D87AF50C09F69AFA3A6CDBB9F31F3EFCB18FFEE3A1871F3ABA61E7EEC9DBE9BD8D01721BACDAA6E6F98D5D1DFFA61DF8DD7298C4C4351FA54507555D4A7A5E29D21DDCC5CD4987F0136C5C48C493DD28270D3C37C4C2A2C2BB643D2606340EEE030E3DE04A103149566895D070F26484A3AF1A4C2D29D117A448904D6771F0C05D3F7CF8B31FFBFBFBEE3FFC5ADFDEFDA3B7E37B1B03E436584DAD6DE1A6ED3B2FB6B47560707E0EE72F18DCF34183E62D1A5EC141BA9480930CD05443223BC1B51D91B40B3524D0B969C3C0390F03643D1A6B81871E50A8AD52D28D718DFB5DBD13E127471526163D84C69704E11D9D3D78E273FFE2DF3CF4D1279FDD73EFFD176FE7F73606C8ED22D4B76EEE5FBF7D1B868E4EE3D2B84B544863CB1620C33A244DF4CA77509D26419EF0E090E076FD10863EFD7251E19DD7232C2F18DC7937B07317D908A5B1B2041C7FCBC5ABAF01230B1189701F2461F0F0879FF8DB273EF973DF3DF8F0E123EDBD5D6BB7FBFB1A03E436591D1BD78DDEF1E07DBF71FE8D537F38E7AFE1EC09E08EAD0E36ED20411D46D2C6A7AAC64353B3836C564B0CC4F15D4C0C2B5CBC1CA2B58DACCEBD8E14462D2C685C38E3E295371238336323E25B7BDAF0E8E34FFFAF4F7EFE17FFCBDEC3F75E7EBFBCAF31406E93D5D2D65DBAEB830F1F79FDBB3FC1DAC57771E16C840B07800D04102E83F53D476AC91B5A22A46B344AA1073F6770F26DF6F03AB8E34E83BE3E9E44E5626428C2AB271D5C990AE1791EF6EFD87AF4639FFDF83F3EF9B92F7CB5B9A777EDFDF4BEC600B98D567B6FDF60C78E3E9C1D3C8FE95C80774F39E2AAEDE9555276E83881A481289540440059C81771E92C6918D21E7D5B1C0283C2F2A4231AE6D48446E03A38BC67F74B9FFDB5DFF89367BEF0F91FBE1FDFD338DDFD365A0B93339D33C3638874207305072E299C3C114994DCF103AC9438A29E446D0DD1ADC6A2346BA8CA46585CD1C82F39D02585910907674FDB26D59B7BD6E3A33FFF85BF79BF822306C86DB416A7A693CF7DF52B5F1CBC78160912E05C17525DAFD1D10EB8040CEEBA989F23FB518C505B1F22C9FD7A5D0E322AF8256066546181FE3E391F6074514BA3B95C61092B4131FD7E7E5F6380DC16966322FDAD3FFDF32F7FFFBBDFFBB7C5DC2ACA3C0827E160FF7E83FDBB41D680AEB39AC4DA9A83E6BA08ED2DDCADC4854B5B7FEF4107E9848B4B9780A9798DAE6E83863AEE26E4617669196FBEF8A327DF3DFACA9E1820F1BA35C1313196FDCE57FEEA97BEF195AFFCC1ECC282C429F8B2773F70F8030E1A1B6C7744EE8595CB13003690D5E8243AB56A24C76A7D8F11504C13382667236CDF0EECDB0AD47A9CDCA871F6F5B73FFED23F7EF7133140E275EBD1AA9919EF7B7FF5955FFAFA5FFEE73F199B9B461D49709211D8D669F0E4E3A421B6F3745A07F932303F15A058346821C1DED0EEA04CBA23113948791A5B761A78644D4647E8E7B48383BB0C7AEB0354390E16D64A3871ECB5C347BFFD8D0FC70089D72DB3462E5E69FDDBDFFFD3DFFCFA5F7EF58F67A727514D22C3771DB435019FF9848BBD3B1D691BCAB5E265A6580B4964521E5A5A5D385C11585652B9E12480F55B3C54D77A181A52989C54D8B209D8BCC9416D2A01EEFA7679A0FFE1233FFCC147E626E7933140E275D3AF379FFFE1BDBFF76F7FFD0FBFFBF5BFF98F85D96909E4954C84D6668D4F3D03ECBF538925F0CB1A7E60B0B4E8626252635B5F84759D8134BFE25EBB5AD1C7EF7A68EB0C514FDA64710E989D232BD39144DF36A267D5011811E5720917DE3EF5A5B77EFCE3F79D1589E320B7D09A1B19ABFED1D7BFF5B32FFFE0071F193C7FF2C341A924273C770FD9D6EDE0631F56B8FF41205313C10FB9E84F6175C5C1F0558DA539071B776B9936E52FD8B258C7E16E582EEAAB40C0D118BAE262E49A827F30C43AB2221BD61B4C2E29E4438DD1F109BCFEFC0F1E3FF8F083473AD777AFC50089D74DB396E6E7D4B937DFB9FBD5EF7FEF23C79E7DFEB7466727C56A24449027B1A125C2931F3078E4110F3575017205DAF80EB74C7430391AE1FC59075D6D063D9B1514DDC85FA4DBBA06A5A22B2D47D32907EBD603F54D049261D2368B1A2D0D0A3B373B0418606051A158F671E6B59F7EE9F4D1A33FEAFC859F7D360648BC6E8A75EAA7C776BC73F4E883AFFCC30FFFECD2D99328C28E5A938A4043277F9D837DB491BB7BB4F4C15A2B686939EA260C965780C12B6405A6159E7812686FB4BDAD1CEECEC07D8142BE8F0089A483F67506B5CD0657FB1D4C4D018D8DC0A60DD6B28C2EDA92DDF1E919BCFAC3EF7F64E3FE9D67B7DDA6E9ED31406E9135D67FA9F5F88F5F78EC7B7FF3F59F1F1C1878A49CCF490B1FEE11ED68CECA75D1581F62EFA632EA9A1D0CD1A64EA442F41158B82B621885E8A7D3FF126DF8FA2607FBEF20515E0830B7AA6542548A04BD970CE9770E591583C6168386469E28E5617C22C0D61D06CD1D40C73AA06A10582E19694E77E9E4895FEA3F79F2473140E2754356616A26F94FDFFCD667BEF7775FFFFCD50BE71E31A18F502BA90C4C71F776CD83721C747685D8B9D541B68A366EA450A08D3EB714A2976893974A20F07DF4F747189B5078E64324C49B4B3875C9E0D26917EBBA0C0EDEA3C97228247CB22874FBAAA4467303775424302CDAB9E89C1EDFD6A6D0D6E1A234C4CF2EC0F4E818CEBCF2FA0776DD75DF5B1B776E9F8E0112AF7F268B31D878F4FB3FF8E82BCFFDF0C9E12BFD1F5F5B58452475DF105AC435E6DC67AAAE96C4762F5DBA65303A732D1E9B294DA84C5E21D02194E792EEE0F91DB4C149577CE0A108B37983C1016EEAA6504D605824A15EDF4220093D68970854CAA0A6C9205B136271D621DD03A4BA2060DAD6AE31366487802C9166B97CEEFCBF9AB83AFC9D1820F1FA6FBEDEFEC98B07DE7CF1C863E74F1C3F3832DCFFC9A9E171F1BD272BC3D5208DA923A40924BD5D0A7D7D0E9DF45A2AFECAAE2B23CE1CEE3DC5836B5CF6DA7A58262A75EC7507A343643D9E0676DCE9E0EA356E0A6750E43EBD24D4EB532EDC2842813BBA136F4BA714BA1B355A5B0D66561596161368238034912EE9688B902500E578A80E3D8FF1B1415C38F1EABD7BEF3970BCB6A52D8C0112AFFFDFD6CAC29C9A1B9DE8BE72FCDCA18B174FEF3843C0B8F0CEBBCF2C0679703F36CE0CD4D246C70AEA0C21A1BD1AE86956E8EDF5482768E994C83D75D94D6B1C2EA1A5EB65806C0BE98F8CC19BEF00C74F12909A81C387B9E7552474A9B79BAC02DFD746D215F4B514F2BC732D629D07E934B7B027CB60788C2CC82ADD6F00E9DF5B4F20E96A733038A9E0850E66579671FA8D377FEFBE473EF493DD2D6D676380C4EBFFF39A1E1AAD1DB97C71DBA9E36FDC4D14E58F2F1F3B8EC1B909A14D3C27B9812C05ED71940814ECA94A28476AC45B6973F69208EFEC7625EA5D2A57C6A291B55061C8CE2C897754D700ED24AA979722BCFCA2C2FC0AF0D8C3C0FE030685855052DC77EC52D86A58B76894095879DFD23327E2E60D1AA93A8EA1289448C8E7192025A26069060DB0719D83916983906E9127AB75F5CA30E999D3FB763FF0500C9078FDBF5B330B53C9A9B3E777F55FE8DF72E9E4E983E7DE78FD372FF55FC20CFDAD912ED53C198D763A6F781E24B8C65D10BD045A482877D6D3A9DD6ED0DA1EA12AA3685386321ACD73E81457CA06FA787433D19E2C89F26EBA6E4D82A8D551858BFD1ADD4D5A263ED534D16DE7C9EAB80ACDAD0E51336E560DAC1538DDC4BA8C999E9129428AB44B5D96843B4F3A5F49C02945D249B1BA4E11F88892B95C70E54B0FDF95E5259C3979F2E0DD0303CFAEDBBC793106C8CD72128F8C549BC04F766CBA793F94375E7E79DFD9B78F1FBA7AEED4FEE9CB835F1A181EC152A1800453213203BDDCD78D009134365057049FCC29542B1F07369771E810377903888D21B7461A84B80E77474C92557189E2844489DC64804AC803EBBB42A14F5313C0B19734260800CF3C02DCBD97367E8960445A85EB3BCAC510A163E7A7EB2044C275A4676FE8C8FC1CA4C98AD454D133A90272795F06797A3C145A69D4D51058EB1D8C13A898D2E50A6B181E1AF8F5B16BD7BE1E03E42659B9A539F5D2DF7FE7D3AFBDFCD207EB5A5AE71FFCF093CF1F7AF8FE234D9D376EBCD7FCD4447AE4D2A56DD7CE5FDC313E34BC717272AC6BE2DAF0FAE9D1F10F2FAEAD202C95E111CFCFC26EE65004B892E19BCBF43F6D537410FFBF635F803DDB80ED9B1D9B7EBEE4124D223A53A4139C076DBA46BAB58BB395C4B55F14458E0D1B02ECDB4D627BD5C30B2F7838BB10606F2F70CF3DDC508E2C0C599D80A8992A9365D00430BA8DCCF684D5D649B21A8E3295D413C86803A6600B650F8B6465EA89C655252374B42AACEB893047D4AD54B0DA65767216E3FD57B7E043381103E4265823035737BEFCFC737FFDEAD15790252A3274EADD5F7FEBB93D7FDAB169E3D5755BB75EDEBA67DFD9BEDDBBFE9B74F65B989B530BB373AD2B33B3ADD3E363DDB9F9F9E6E599E9F699B1F19EC9B1D12F4F8C4D607E7E9E3634D9031D5E77CE92E866BD40A73E096BEE97CBAC7FC9044290FA88166DEB0BB163938BDD9B0C7ADA5CA4AB39C39684B16FD04E827C71568B5630741F7EE48866A8AED1686A70D0D611A1AF4FC918E79FBC1DE1C829DEB80A4F3D6270603B97A13B2844D2C51A3A4162BDCCA39D354F678322D3A1093C0B735AE688B4B4D273AD229A46BA27455FD9BBE513A042FAF3EAAAC2C2323D73A2673C2A4726EA32CD22A173EEC43B070FF75FF949D796ADF331406EF0EA3F7B61D7956B83D225301D063877E93CCE5E3AFFE52C7DC05D1B3762D7FE037FB969FB8E4B0DCDADF39986DAE5746DCD6A3A932EA43399523A932D249209DF38D7EFCD3A51E53FA20C5E2211168BC5746E65B53E0A02CF358E5A595AAA0F8AC5ECC2DC4CF3CCD474E7DCCCD4EFCC4D4D6266741C8BF4B54060885019C55CB95705CBEB134C6598A0B0C729D2F29C33F49BE66A12CA9D2EBA9A35F66F73B17DA7464B7B40DA826EC53302798C725111DD01FAD685DC2F1A8BCB360EC2477C32E3A0894473739383EE16B23F9EC2732F3BF8FE31DAB081C683749F0FDC1FA281E8905F54D2EEC7E3180971AC88853D59229F80424F1F9323C0DC829DA7DED149F7D9AC904A2AA2531109F448867AAEAE285C1D22FA364356AB6CC741ABCAB88FB57C1E97CF9EFD1F86FB07BF1303E406AFF16B038D0367DEDDBFBC9693146CAE7F08E8D32F90A90F68130C5D1DC4D5AB835F8A2AD7E744BE96A62AD43477A1AEB1198D8DF5A8AACA8267B4F2296AB4FD901D658192482750C8E530313A8695C565E2EC0E66A6A6B0E45B87AB57C1925301C1F5C76130B068E58D6C67955B1AC573397823455E84C694422301A3BE914F7C8D07F627B16D9D2F9B3194CEE9218A3C6D9680CA13D3D8CAF0049A5A12EAFBEA0C8A0523414395F290AC36923BA54D82B44888D327359E7DC9C19559859D9D069F7A5A637D0FDD27598E803678C628A1533CDA394AF1EB55589A01DE3D19D17B4A3F2794B88D67A68D00C4A5BFB3D629D19BBABA0A69333A49DA6695048F47F42C93D20262CE03E3A0E4C2F40CC6AF5EDD442FF9AD182037945E0D6E3A77E2B57FEFAFE6091C0AB5598E0168A47C2E6F4812450F64FC7159D95D9C26E5B9BC50A013F22AF7F79026064636B6A50846CA855009C5D94DEDC9E677240EC164827FAEE65BCAE458FA59DBEBE44512B8F43DD31323897CEC364D193BF68CBD42A92409DE3A8DE63A07BDB4710FEE56D8B5DDB3A773E0A348B4A8580E2CB00C64E00DB3211653861E884F7EC55E2697AC4915DDA7C7A30A42B9829D1AA531BA14E1B957933833A8D19A0E71CF4E177B766B5411904A7270F0FD68EB0AE67108F43C975734068734C6C77986A12399BC3C6087013D37AF915BF531376B8416F224A94492C727D0214080F5E9FDCD10FDCAADD9D9EA8A1E632D9FC3D4E581ADB3D7AED6B76EEC5B8E0172A300726960CBB90BD7E013B5DAD6A4F0F06E839666176746225C9C0A303BCB7EFD044CC42F2A9458027B7EF814679A632A27BF5361D191502CF39E5548C95FB53467E6422216C44E5419A9AC1C194213C0C601429B4F2B310B3E7D594367948BDA146D203AE19B9B883AAD57D8BF3DC2A64E0EF6D11568830B8B2AF36C3F2BD86D28D093AF9CFBA4E4F436F23D3F1D439BB2ACB9650F3D0BDF112473B49C2DA69FD778FD68126F5E0C51A07B7868A3C2631FD2E8DE9A80BF1222609D41168AA73EB1B9332923D66C7151617A9C9312496FD4240938BE144F3155E3F7AB5CA47780448A4B37E29A75B9C8282A7E9D1EB25C43626C3D49920E8E7CB180F3972EFE4FB333D3DF88017283D6E895C1E6C13367F7CE948B9282B1759D83470E1195E8D6B88B98EF18F1E80B4306431321E668032CE43CAC110DF075245395F2E083D79196FDB6D0D4083412F413BB3103B119F437A66DB419B48EE4712C645C02A5BD459A7EC3742A431CAF2AC5DE2512D374BA373512856A32E825A1BBA1C70AE82AD20A3C7E20ED416E5BA64DCA8DA2C3D093C74C1192B9F33A4F65E2EC5AA3D47B2096EF8C2D99556CA95CEB0A6650D5D2F578D6F9D1E3117EF43A09FE1507ED69834D24D6FBD6D1ADCB74B47B6232C40AD10E17AF178F3D08E8FE1616892E2DDB860DDC178B4D07BF6E7EB5FC73264BD62A4DD70F21542E5B65EFCE27CB95A1D75B57E549F0309F0F79ACA1BC5FD3B3B304BCA5FA9862DD28717EE9C2B6133F3DF69B4C71BA895AEDE8257090A8ACAD32321DA9A7C5606B9743A69F4D7E84894583293ACB56D71C2C2E192C1027CA05B4B17C4ECB80B5123CD5B5C459ABF43BB630CCEBB575A5661274EA27B4D00E2F4944CAF191265034D700F5354C9D0C7A1A0DDA6A69C3541358E879F0E8E49A0C51A82A4202DDB61CBA1247582B5A30CA63CA60274736BFAE903925239B69C312A5E1B91D8C0D992DA8ED6834D6489A777AC480834CB13D7BCEC58F7E42146B3614B0AD6FA7F7221BE1C20560765AA36FB3429636311F0E7CDF2AC1E23A423147C27A8581C2B30DF98102DBA3D754C0491626417AC9235AA5035786E4D63590555A47EF0301A536A32595656459638E409A30F675E55657303D39D91903E446C41966A792E74EBC7DE8CCD501D4D269DEDA0834F100BE881B11D0074E275B357D68CDD52EBA5B988668EC29018B04861201A4407CB948A7211D7858E20D5214D920F181DC6A84926FDF054EE063AF4D2AC15E1C179934EB12FA99367C759693FBC82AD009EA246DE4B9B18A81411682FE964E90F6F15D948A0ACB6B4AF83F539084E522B2E3395AEE89DED174BF64511C47BA1F723E959CF461641B04184BFA041E7C7B9736398123CD136B4919BF7B05F8C111607082354520C27A539F4BCF81FE762142439D6D4EDDD7A3E8F1B9EF6E243DB0189861DEC83C7466703CFEC0E672F1704F2D7F675DE3D30912555C7386BEAFA50360E326B290ED7430D0EB1F1F0F71AA5FCBF363BBE3D2F50AA4E66746C6D74D4F8EA7DB3BBB4B3140FE19577E72AA7D7470E00F080BD2D686334A278826CC2ED8DA05B608A50AA75FCA115D523CAD95A850964FFA08E9364712EED86B5526E1EE73FE11598D90365B3EE07A6EA616F4BBB0E297A24D99A28D904CB976584CB28C9A2ADE9C0E9648E74C2CB8585C89304C5A22206AD2D4E8A0A73592140EF0A0CB844BDFD3C6E1AC5965C53F5B04718F325E222396033281D615AF120B691DF2496F1D043CEF9CD1C2013C0EC871BD8647AFF5F23583675FD678FB5224F4B08A40BB7B33D33A7A4CE2419E0EB144F4696C2212E74043133F0F2D2EDB74DA11A0F13CF4885E8BE3389571CDF4D81C84F42C3883921D8990A4E7EFD2934F6A17093A08526415B37488E45635EA32966A32E94BB183225FC4DCF8C41F169656BE85CEEEE91820FF8CABEC9789FA27FF940EEA2FE789F46A3AA17F7A1E68A393EDBE5D8E787E4A245803A20549DAD809C7161569B21C7952AACB6B4C51341FC470533687893F7847451210E30F5E13CA128E2B168369057B67FC92FD9E4FC9D91CD19909E0CA550733CB2142D7A6A033C87A9BE8744D7848B786126370B4B504BC01038703845A8620BB919D571ED175388097302484E9745774613C68F1235BD1EF8826A0EB1345629EEFD01D4C11385F38EAE2CD3390D2DA0C6DD675DD067D9DDC78A12C93A0D83D9B7413324FB0C4A063B545C064DAE41078227A4C5F5BF780A283240C02B232363A1F89D9704499053E8F1DE4A8BB161D542E3B42171309893992554922ABD8C55E26AD66B042427FF8EA552CCECD356F046E2B80DCF46D7FB61CBAA7FFF14F7DE41F1FDE7FF025C32916C4D3AF4E3A78AB3FC2E81C6D30DAFCECB1114B12588D4AD45AB8B59264402D170E3044B4497CB2145C3A1AD2C609CBB4310AB4E18A0E8A418284BD42914E503FB0F7C75E55362C015D77BEE0608C36612E48CAC8E3A4565C60478FA9E83E1D712D915411F019F17491C5A09F536125193069B589787FD823C4B48705B4635DCF2EA7EAD2664CD263A5142AC138B274245CE6171DFCD31117C7CF1014029E81EEA1B505D8BF23819A2C3B1108006C39D94A25983F8632452A64F7B4E608BE83123D8F42C9A69424D88D4CCF902D5B14696BA59C4AFA3C3F1BFA1ACA458BEBDC88D3DB3A3AF8A4C9549749C807D24DE5FA5A22F5BF32BFD41C6B901BB01EFBD8A78FF8B962B6F4BB7F903C77F1DC03B31C201B75D07DC5E0997B787341B833F780E24057E879B40902DA802C62E9A4265360147B7260AD0BA74C6876E3BA42A9982A98301087AB9276394692F8D8EDE9D17D6668BBB690406F24513EC38889946C28F62EA569A364488F70B7101D496D9F78C98445F1A62310682E6AE2DBD086753D9BF3C4CF97A73AE5CA8E8D4BBB4C7748DBD490DE206B185A5D2E1D4A8EBDA3F0EA49A24E44EDB2F45CBAEA1476EEA293BCD15AA732D31CBA5F8F274705EC3850A84947A241F83060A0B3A50D69B3735C85E328211D34C9A42B1E3BA15B6CC534072423D122B08372857631C0D869C08E856CDA882E49D2575DB0AF91EFBB5C2E93AE2B646380DCA0F5D4CFFDFCB3C5A5B5FABFF94F7F923E73EDCAA1E165E0C480836D2446B77668F166153968A88D64A7869270C4E2D38A65A60C1EBB36C5AD694FC8C89198B50DD6F14651423E6CEA087B913CAB6D18381D0D0AFB3719B25E11D6D6AC87A885B4C9C62E12F0592DFAA2CCB8702BE295371B2137604B61ECC9ED293BAC667EC9C1F4748879D251799F37A223DE3345D7575CA0441BB0A3C5DA9013E7223CFF86C1D4BC11F76F7B2DB07787835E4E44E48A40636926FF67682367D21A1D5D2EEAAAE87143EBD28E68C3B3B54C1388D319E18DD0BE0D932AC7A97C35125F2996B9E644A13E09EB64A878E0C42ED2E9C255BE69BE0B55B95D458B94FC2256F32BD531406EE0FAD47FFF6B7F37373AB16EF66FFEEAD0E8D21C86A71D1C79974EDD5A8D763AE199B6F8ECB2353E7DD829F10E054421F864CED0AE2FB29095F255BB91C5BDCA1FBC2452F1463315AA419B553B229ED9E3C35EA704A9D2DE76D0C6035648F33015ABADE5F257029E6BDDC636A8884AB1AC23DD47E427325D1ED12B76AF4ECC2A0C0E1340A642A24B7492B310A7C74D84B6927099766955358168416165D5E0A5B780A1792DA2BC8BB6DF8EEDC0FA3EB662768C1A5334F60470A55F150176C3E64892185DA25C9C3BC5168269544096AA8A00525DC55A8C36F59A124B21AF17729670490A6D74A699EC2DD4325B9DE961B1C257F9D060F02789A23198394624070E7D572C97B0BCBC5C1F03E406AF873EFDD16F9FBF746EFBDC0BCFFFEC6C31C2E9C110DB7AE983DF06FA40E9AC2F32A529A2409C3F95E06056020E71749F8405EB0F439B994F7AA1232CA2C9B2B0408EB4E5EF2E7FE0048E046D30D62CECFD622B14D2EE61A3C2B190AE261B602B13D848CBA3C859B6CA134BC4625893F09698076DA634EDBC90EE833D4713D30A272F1BCC2E116813DCA6C7C86D385AEE93D0CDD0FDB7D67AC89723BCF57684AB232EE6E8B957D3064CD2C6DEBADBC1E63E23B19282C4031D6409E9458EDF90E5E0DE58BB897A55576BD16AFC9A0C21A858D45213E2D1EBC89228CA782E96438F685F406CD10805158F323B68599087BE8C6B63EF1D874BB8064593EEE1AC340E1656D573D2A416FAC60873C53B473F17CBE9E5C55955DFD8AA63917E83D6F6BB0E0D3EF6F4D3FFB4BDB70FABF4F324518223A7521899E40FB94C9B9CAC077109CF09C59FEFD226E00BD30FD62A1E7DD09A365DC44134D201ECA1595B4BA0CC41C4327DC8FC95F44818F9424F92643A12AE8DB91B2745E237815542D87211D2183A15BA649DE824A5EB832EC98805B8CDA23512CCB0E91AD726354E5D76B0B0E02145A625C98D48FC14CAC52412650F597A9C28ED4AE2E2F49441FF2448EFF009E64AA1FA1EA2779BBB08B89E2BE68F8181725A32785988F4757BD8B3C79374751D586BC04F80B50CA7DF88B7819E579684497D86F5077BEF38D84720E237CAD804488E2B05B42BB84903BBAE39CACF9682DF434EC0F252F45306E21666CB11988AD78E0012164B7F1C94FDDBAAC1F52DD9BCFAF0131F7AEEE10F7FE87FA9A74F893FD0CB13215E3FA1303F47E2341B493D0687253CF628693EFD6CBC4171CE119DD629D62610678F008337B25C8F4FCF828342DEC10A89E33C9907EE5498CB47442122014E896EA4239BD4CE9EB080793E6D3027B28296E32A45F611191BA5E76B8E8D00E72F00D39C04C81E233AA9238E5423948447B6645081B86567A65C0C4EB85890F2DA10753521EED8ACC84A7AA8276AA44B46BC7579025D3E2A4B9ED7E6CDC0AE7D21DA9A21CF8D01C20E09764317B9A290D3559CA4E8B33481A3BED18E3B2887559274C8DAC810C80A6411F3F43E14194864B1F8C2899A3EBF0E270197AEA8D85BC726389284196B35F9BD2C16B0BAB088426EEDB6D221B7644D7A736FEFDA239FF9D43707FB07B71C7DF9F94FCFD3E9F8CA40020DF52E9EA8614F90416199362FBF3C2F92F8821D5E693D358B459EB8C475D936289724DAD1481F6B23C7455C25A726D39E84A4A644728E701A06BB94391E2EB95BEC125515855FA11AAC7239E6C24CDDA30DA588368D13B8CE0F2B4C2D29D1380997F3AF1242C358043B0947680E37639825ABD13FE96086F401BB543B6A231CDC4A96A387BD46917563B30B9A2D1099C39E36B21CBD0E366C52D21591E3263C039D9D0D4154D120BE11912D3115DAEC559C2E43D74D6738853D903886222A1612087204CA428EAC13698C6A0E0EA62AD96B9135874241393F4C6A746D6A278B7CD621A1EF239FCBA198BFBD3C59B76CD386030FDC7FF1235F98FCEBA981B39FBE34368D213FC273171C6967F3F89D24D89390C8B1AE649E2ACB38B0B0E66060CA91894A9C80E7D8090068A40DB3BE15E868B345491258142D2CAD0CEDB8804857327BAF8B5BB64E4A043F2B72CE1AF6C4054CB681361353B0FE9108E34BAE0407995AB1174B2521D6CCE546D2B4F916571C4CCEBA18190316396849F7BBAE5E613BE98D6D1B23F16CB1874ED3E9CE557F6D7586B40AD7A203DDEB08D45947447899DE03D64B5C4B520A3C94585398407EC7B0BD9EB5DB50E7A2B325C21267FD7252222764D26BCBAD18F8CB74DFD57CC858EC33FB6277B6E7585DA5E9CDD2ACDB542849987CC05CCF8866BD66D87F1E03E4E658871E3E7C6CF8177EE67F5CF9D36FFE8791C5295C5B067E721A68A0336CDF0E4E8D204AC47106ED8AF52896424C2E38189A26919BE71A0723D1E28074C4480E42A3223A3DBB3B1C645425AD9B73A1383812D9FCA8D0092CFFE6DDC39EAB508B4B97DF495BDB41DB8D8539D999F9A28BE9E548620B09D13F8E5827DEB41EDD49D1D7585C3418264A3544DA2447006BCF96B16D4388035B15BA5B6CCE569EAC427DCA437526427323D0D9E1A1BD8928100973C5A3D28AACA702C9C60D8CA58A9C6BC6CE017E7DA4CFC5E91070C522EDDF6AC9D5D2585E72304B17CE43E30DCED6294F00EDAA3768127F146743DBD64261E4C881C235243EA75FF2FBC34784B1B594ECA6E6A6750E3F600C909B63B5B477959EF8CC17BE7AE9CD4BBBF347973EB31A94706D16F8D149470A7BF6F46A8956332350B4F1CB450B0CF652D56689672B9B03C5675E8176C102FD6D62CEA0B996D3295C4913913882AF65737BAE122BE4D086E7B492C8D87A6F4E53E1F4143E61CB09A2319ED519734B90FC2F6BBD8C241F26E43149E7941426E8B98E91209F29D046241076547938B0CFC5179E8CB0B337C214D19DB9558FC06AFB5A553305CC78440999FBFB045C0F8532C72742243D5BABC2DB766D858BAB7CBA9E23814ABFC0944C4BC63047C6D9A2343529ECE823AB36E3D2F30EC9E270874517DC9EA486C05753E34A19709E6ECB63A24B85047CE5A3AA2A809F2730185B38C02D88D8725CCF5636EF151FC700B929D686ED3BA73FF1ABBFFC1713E323DD672E5D3C5C321ECE4FD1A67D8B36046D84BDEB94B4E95CF38DB8393349CECB72449C4624703998CEBA21451FF65A39451B2242992C8DAA830080F5387BBE981231DFC8D0A62CB33867EF0FDD8E7509773794C8376F1216ED9C44C97188020963E239AC35F88465F69127B07187F5D17102C09A419E3678826EB7BED9C1E31F08F1D461837524C83D7A6E1DD56C317C893D3849AE3FB7CF4307053AC13D71C7B285934C5D12E2AC978A79CEDEAD2200FB440903B821EB1E257958604F94B18493A3F55B49DBB4760762854E9FA0E73613C1230AD69A4DA099AC48814CCAC0A8C1E48C4279CDD6B37306F3C22CD1B965A2B32244B48DA3B0132441CFCFF3C21820375B6CE4631F3B76F9ED133F989999393CB4B8401B288933A35A825C1CECDBB351A18E7405ED4BB21C401551931512C2655F490711D61009090C12CF26C11F563C5F1CC0934A3F37B2054D744557920B8D743E0C6CBC8E36850D363A81A5721C6D7669835727CB48D2FDB315299060E60609E30B0410B21E736B36BFA996F8CFBDBB5D7CE2831ABBF78612B167C510117092F41C92494E51090580023ED8541847D2D82129F37C1094C563E58AFB9AF501839E0395C2809405B3A4C770549D50CF5E304EDF6FAA5242C74647E8B911F5ECAAD668AB5712E318194FE0DA80262A481491F63D1F2C3C08345F5442B7F899F2F5B8622049A22F5B5F87AA9AEAB5182037E17AE60BBFF0D5C9F999966F7DEB5BBFA5F34594E8A43E7ED5B5B950B44BF66DD0C4E1157A9A5D1488570F4C70AD888BB4D4F4191BEC03D73CF0DC704780C2DE19E965C5A9E88E2D712ACB6C3FDB0DD1B36D09AD13804196B41B91894E91D3CAC96A944B1AC3F3DC10DA609E4EDDA58292805B9236EDE6768D47EED078F001077BB6689B72CEA02B5B1771C8D9B41CC453A8145919BCD73A82E30F9E23517F6ED0502E7333054B0161FCFFAB27DF41A5D2DE0A7D7EEEEC4D935C2BDAE1D393C01902C81CDD6C7B0F5910D23E73443547C7B872909D00DC28C28AFC4AB2BEBCA7A6D21986BF535E82B44DCDBFAECE660B31406EC2D5B565F3E247BEF885BF1E1F1DFFAD375E7CC13657A01DF0E6806BAD029DBE3B7B155A6A2D25E10F7B7C863661C9111727E766711A495B83839AB43DAD39A98F739424578ADF2CF642256C4B1FDE8749CFA69847818D7B14E836DC0D24479B6B6C56E3D24802836321AECD3B582CD9348D7ABAFD067A0EFBB7393874A78347EE246DD141273EE9A368D5167CD936ED046C45E0AD3C0F57EAE42BD1C74AF08F132403CD692F463C56925A6FAC77CDD6DF3B156F5BA5CC9801CFF7C51171A65A9C5540003E75DE45FF1490A19FDB5B5CB2022186870D569635121976315BB7AE1196A9E4BD142B26E1532BE6135E92005255A86F698F29D6CDB6462F5C6E8F88EED7D7D5ADDE73F7BDB870F428F2C47FD2243ECB24368E5FB35585B9A2C6813E8D5612BCC9F52CC435A616B812D0119AD4526DD0D50C09BE196E2EC4F48984290FAC491A5BD8849491FC266EBE1070625FC4C1C2A494D68ED2113CBEE26264D960648A34C6948F25CDC97E2EEAE9FE7B1A426CA1C7DDBFD3C1A3870C3A36480D2EFC2523C1468FF39B98B348830725516EAEFCD3958E8A36EDD7881B59E87FC4548737B9F53231F025C551AEEED84A45638121858AF27A6CFCA6047BDF6CD55E3F45946F06D8DC10A1AD89B50730336FB38039C525AA043C1324E622DFB1692C1580E80AC54A546550DD5877DBB520BDE501323678BEFDDB5FF9DA2F0DF55FF99DFA861A69F559DFDE8ED58959E9855BCB99A6F4F5F4888BE5551B257F606788F65623A5B4EB1B899AF809840484FAAC876A8E5F1010824A5091BB9FF0695934A1A4ACBBCB0406DA154B2B01E6970860390753442A9684420183B391F4C66517710BDDAE867B626542ECE97171CFC1040E1EB4C13D1EB219E4B8937B28C98C19635DB4115743B2BEA08DEF7382207D4289CA4607CC7B751B91E6D8879154198E65AA4A8ABDD0A90AFD9118C57537ACAA74F4D2521146DA8B3410BD1797CF72D7F6406862471BD0581F6172C29374FC64CA46D903DF26707AF45CB8E04A9A58082585747AE195600DD250B71A03E4265B174FF4EFFAFB677FF03BE31313C826D2E2EF4721474CC5172A61943D50D9FF3FB492C037DE2C612297C043FB0CB670F7F42AD2158900050E7ED14ECBC969CCDEA500AB6B464EE60289D215B23E2BC4F3570B64150810AB74EAAF11E0A6E97743BA8C653A7513A192C87496B61B3794D85643B46EA7C26EB214074863B4F56A64B39CFCA724E3983D525939C93D89AC73BE4A42B6AACD0AE697126AD7B27E63A3F6DCC02194A6700ED12A634F775BC2686B5C60B37CE5EADAD22CA32B7FE7AC016DEB5FF800E086742FBF95C4D45C80863459500248751D59C25112E49E6DD815492E193D07BAEF88F3D3B81D29671E735FACCAD01EF65B655329545557AFC500B999ACC7C060E3EB2FBDF0E8DCD828923E51A15251CC7D5AF612F7C0B5A7AA5BE92BC2AD6FAEE669A39F8D30BD68B0A79B1B2FD8991BB92251AD0A75E0FCBF4281DDBE90CD90270AB6EA1348680F2FD3654DF2B22AA3032AA9ED8D448FEA08141B9AB9DF2E89DD5E179B1B5D746C8C504FA2B736A36C43069F6ECB116FD60AAC7150A9DE4B40620B1E3DB8641873966D604B75B9D8D096E35AF072CD86E89ED056652963DB04D9EE8ECAD66F18BC37A34AFA704556B870FE589228A34FAFF9DCBBC0D9113A14E86F9B3B1DB4B77B649122F8AB6461AA2B110D6D338E39B98BA95A40C82A955D01A6BCAFC676B16CACAA4575265388017213AD2BE7CFEE3AFED273BF950DB990C76E14A64D5BD6B99272726E04985DE3CDE148921D17C256D1069A2F46787500383F0C8959F04098902C848FFFDA67B7D29814B684CA4A5EAE4367AF1277414C11EFE1A609DDF50EB6906EE9ED22903428743418F4756BF476D366AFA1AD930C044611D11953802D5062D3A02BBA0056F04A8B219EBEA16C299F2351374E58B4E5C1D2749A6EC3D16EBF8CF7DA03496387C8DE0F5B12D127150B22B962D2812EAA34C973A4AE85DBF50C5D73F0EC31A285746034D06BD9D9E7A0A391F4DC10D1CD6425891256F3E84A77467EEE41A864BA552485C2B6034A8ADE93CECE4E343434C61AE466592357071A4F1C39F2C1D19171C9252ADAD621D84D1BF3538F2AAC6B0D70FA32708DC4E7728EE76C28E9585EA413702DC7957C8604365903FAC0D7429B17C5B10329BBA6FFB2747F35AE9D0598A14D5B4D14A4BA36420D599CF634FD9C213AD2C0A7AEC1C6568DA67AEBEAF44B967E4CCED1862C44A8A3FBAD497AD2CC411AFEC82EE6D4F950E22932298AB7AE6F5BF148F386C0C63774B252FECBA9F1815349C5AFD4C2B285712D86B5EB5400A3051522CAC56069DB25455B0DC24E80EA8CC6EC94C2B1375CBC3E607B7FEDDDA088021A695FB4304F8F5BA724F152195BC465A58D757973ECC70F6D6E17E3BB44FFD56432E8EEEBFB778D2DEDB331406E923578F2CCBE132F1CFDF78150AA483EE856B21E776E3238BC87442FD19BAD446FCC0AB0408098C91B028AA1EF23AC955CE8B2965CA89522B7DB74A50309A79C4B992EA77B13AFA9AB2A4BCAB726BDC096A9BDD9413D518FF67A3A75C95A20630115AEBA181A35189C2C63729973BE6CF0AEAEDE470FF1FACD9D015AEAE97709CED2E5D8464968092A9D4F1CD10690D2D82C97EE2A9B96E249ED38511EFE1DBBA3CBB6F7AF27A5C0D6C671D712469923CD2922018F34A3834D6FE134105D0108376B281681B72E183CFF0E59021210EDA90077EF4ED0814287C924F7372E4B75A350356D33931567733A01D12B2DF125BFE23060E3E473C7F9FA5AB46FECBDD6B27E5DAC416E86B53A3199BEF8CE8943FDD7AE202185E45A36DCD64E3A0DB7711E1691A959DA604481749A9B18D08666815BF6EC87EE85956936AE38757C22FB097DBDAB074430DB060B9662C85EB06957D2C0948B8684D8D32FD7883A5D187470F68A23168A3D479C5AC2A7F6C2A28BE58508334B1A074997F4763A9242221D5084FA70FAB816808865313608295D50A48F97F52015C8CA2542DBBB97291E9FE909CED8A5EBFBB425CBCC7392B66F558A2B29BDA4544CC96B655D53095EBA640E2F9CD738F2BAC6E0026468E8DE1E60D7B6006E95C20C017D8D9E4F4B68FB98F099C1408F545469CF0AA18A51D9B3F6C4484D211D164DE8E8EA9EC46DB86E49809C78E7F81D475E39F21FE7A210D5D2002D85CE5A83077606D8BF4E235825AE9E7385AA70DA7B22B48D9F39D1D4763B74202D3F92567C565566F455BA36D8D627305685570E4B5C9F2BC25AA06C2910FF7E6E2EC2E5118DD5BC8B4C824F5B2DDE221962C041C6D0C3D5C9504EEFAA6A17AD2DB6CD81EF54DA8C9A4A16B06B1B3A68C70A71E6F9D27E2894A47A041C283446281F27294E2FFB989B77882E6A6906C793A36AE960A86D08D05017A0965B8F72949D5BA93ADC4FD7C7C8B083E75E5578ED4A2460EC6E7671F81E076D6D1116D7B4F4EEF52A3114231E2ADB589BC1264D31C8822DE6B5A4B554DAFA1218157AD6AD434B47470C909B6629A5B3B535F4C1DB06693E71FB241172DE20D994DD78CBDCD990B487A69FC3A4633B18AA506AC1A57121F7AC8D6C0CC149D9B97D702A7830154C28AB0F84AAF077DC5D5DD9B63F0CAE6241636ED67E4D3995DA29F77A7DC475D1EC89EB787822425B1D59B25A47B0C9E689535B240B9829115915A6527CEA73FB220606BB6DAD45D2C2F539AF4B872146661406460C1667E9F547D693245589F4F764D2485D0BC75A6A1B39393312EBBABCE0E0855722FCE494C274D9C566A287F7EF26EBB1C302B64C404B546226F2FEF05C914AE7D424A1D744B626658975108B7D76C819CE6DABC2B69D3BFF5D637BEBECED0810F7B77FFBB76FB9279DCD66179A1B1B5F4B45A19F5F5ADABF9A5F4329B0F5D39984475A841B305B97A6AF2B75D9ECC70F6C0F27010B6FACC07674B7C7E1F5E669768318E7BD1954620D94B1E30138FB9793F69C8C916E8693530E5672909A90C0B5AD846C271DBBF139AEE1CAAC0D83AAA4114DE2658C3C1FD99ADACE23678B51BA6E35824AA197A497585730838945F9D49C83D39734C6A7089844777C63AFCBF958793F426E8D68DF8A9276A23C89AABEC6C1CC6284975EF3F09D6306FD4B400BEDEE07B61B7CECB0425DA3837CC14863EBE59C83D9554E39915EEFA27318784C6339E632B342976547FA7F7167FA905E5B4FF73A3CF9E94FFDE1DE071EB8105B909B64B5F5F4149EF8D9CFFD78DBB6CDFD1BBEFB8F975EFEE10F7FEFDDC1017CEF4C80990585DCBD060FED7391AE8DA4263B2A41920DB9F308FBF9B97F2E47AF137CE2725746DF8E02F0542515B0C2AE1C550960CBA97ADD2DEB4AA9A92B27BB926ABB485CB68E6816E9B9A6ADA389991A7BAB38F39741C29DDAA58515A79F90C0082225DF4BE08F5DCD9212A2DE8B96A39281CB40E3E0E3DCBCC2E56B3C0ECDA6E97275A1E49555DCD11963F9DA328164668E00B4E661899EE39177CAF83F8E00FD0B49D4D1EBBEB737C2E3F700EBBB81E99CAE34F056D25A34C511769EBEAB6C9F3054BAAEB0BE5A5CB17E8C84E17E5C1AC97416BD1B37A377CBE67EDCA6EB968E836CBCE3D0B59F5BBFEE8FFAFA365CFBCE37BEFAC59FBC79EA89A3E3F409FE94CB5A1378E80097D23A921A622AED48992AB1B5E134F7B234200884D7BB95C22A974B705D9BE4C7A031CEF5513776E3BBD2EF961B0227504BBAA226AB25AF89630529FA6BDAB1B3997DF62CB9D6CDCA63194C82CB651D899EFBF90434990D4E838FC4545977AB239C4CDB58462548274981843CDF9096198B303416DA06DB493B69CA89AE0B19EB9EE612DEAA5A57329217A71D9CBB60F0AD67818145A2A164CFEEE8F0F0E4BD21F66E09B05408B196AFD848CEFD222A9A1140D8F6A3294E2F36B6411D37B8585995CE77E20EE7876DAAAEC6961D3BFEE7D6AECEC9182037E9AA6D6E0F1FFFA57FF9BDDA8ECE49E7F7FFB7C2F3475FF9E4DBB30EB23FE58EE6C4B3F718DAC4DCA441C9B0173EF16D4F5A3BC155322AB82363250622D9E1D21F08526C241B4F8290F654F75C1B59E614784E776F6A04DA5B35A6C661C729B0CB80E31C84AE92EB4B6B219E6BD2D5A0D0D660C4DA147CE6F4D297E73D2B65299DAAE45339EF852BD94264522E86667C8C2F3908C8E278094B1B139CA242F7C32C512BDBD927E1A568630728D2E3BE72123873D9C5C82237CA0EB1B3B58447EF73B07BA7CC0BC552C9764DE4867B7C1FA954441A86C5B82BBA453AB0B856D3E57290D264AE5B2C57E6303637D561F3BEDDA79BBAD7156280DCE4EBBE279F7A2B0C4A7F96F7576B9F7FE3E463C72632481D2D4B5CE1CEDDDC0551D349CE1B936BC643E1F592A7E4D81EB8BAE2C012CF127706E151099540F475AA21C33E59BF683BE13045542D9B76B08533BC573DE2EFA1742664F7ACA24DCA80E26954EB5A5CACEF72D05C653D403EE761B103403A39561210B94529571D9A4A6A39A20A68B8634880B1398DF9354893372EF1E59A126E66C7F34CB89D0FA7F4B39B3749AF6D852CD6D03C707E4CE3DA1C3BA65DECA2E7F8E40306F71C2440A42193B8FC00D763E542196B320AB5751ACBA3F4A859D631D69A150257748C580FD8ECDD9A540ADBB66FFFEAD6FDFB4EE1365EDEEDF4623EF0D14F1E5D5C5A689E989879ECFCC8148E0E1A1933E093E5B86B4F8446FAD0B9DF552859AE5E65B067289B5352D92B5D3A5071E1CA64274EB3D015E10EDB8654FAE8F208B590837F0E3A480C2737BA12849C5F35926AAFE8465C57525FA7A4C14243B56DB05696B4F44A5262650EB564DC565A785E4FC9D51570327A722BA42BE694B89793D2C9D0114D65D340AC76E25259FECD2C89F041B2669748C44F105078A6E01DBD0A8FDCE9E24E7A0FEA0950CB64510A45B60EA14CD465CAC8CDEDAA32F43CEBC8DAF240A0B2ED3CC93A6A719900B5E64ADBD6A8F20CDB5BDBB0EFF0C33FDDB467F7E4ED0C905BD28BF5FFB45A3BBBFB9D72313772F6E263B3A5A2D092955547F2A6DAEBD90D1A490194D65E65A3D9AEE55E64739F644AAD4DFE90DA09DB11C41649259C8A89519571A0E262B542BFB65AA18923ECDC059E69570B598E66A0A74D2193B1630F58904B67AD4A1ABAA9E4785D4F653795E09C9D8868291C3F9BF90517A3135C7FE2497DB9E1B68982637BDB84CB42DF252B035C1EF2706592AC4D116821803EB41DF8E861E08E1D64ED9286C0E1229FAFE823971BE92939006440A8777DCEBB91F9284CEFD6D6B8B6C5905E7125E0C8962B459AE8EEC30F7CED992FFEF25F37B5B7AEC600B9955CC0D5D5BABDB9757879762E31393272D772B980E9658569DA6455C910ED2460B9208AFB3C71F55D64881279A16C9448E21CC6521FA9E2B3F487B54AC4AD838C1D61C0D1E9D048FAADCC1E5144ABD8E509E2F035290F8D44BB6A332CA4ED06E6584B58E9D16515B1EDA4627B4AD9C710C049AD46429A6AF3A99E74EC90D1D9356E5764248F8C41E1C8E01DDAC69E911E5B25DABC63630E2E0D85189FB5BD7A39EDE6037B1C3CFD0107BBD6BB42C7560A0AABD2BA27B01172513D91504669384140CB9225AAE1D98FF4DCB9C88C1B848FCDDAFC2F76A373CB9FDE8E4E3CF5D9CFFDF1073EFEF431DCE6EBB60308AFBAB6B65C5D73FDE4F8F9FEAEC9B1D1ADDC52931B38CF4C25782E145A9BB8EE01C2B1791C9BD2097B622B9BC12AD4C735224497F3C0F42230330B897B7037F62C9992946D092FCDAB3903D74DA624C827B953ECA932D643C5F189A81275146A568946BAEF052325DB89367C922C4B527A024B8305C5098D95A957F44466E839CCE5B4A48064924A3A2BF2F74BA44B8646C972D06532CFD6254247ABC1E37725F0145DD6B73AD29E75754D4BF521834A1C0FDCA09B11CB8FE95A2DC4968DEBDCDD1401AC811E6FD9C385ABAE7461617A55B61325B0FF9E3BBFFDC8677FE65B9DBDEB676380DCA2AB73FD8699EAEAAAD9D5E1B1B699C9F14DDCD16489F4C7F8BC422E6F50CB6D751A1D646A8C6CE2409B4AED8423ED4579D316895E5CA193F9E284C2F8A2C1229189F9D504C27224A304784622D76AB0D5E1BC6F99B9E15997B1E2687B655C000B6BA654CA54280C0FF4D1B6AB3AC74F02196E433F73A92D7BDA8CA53942FEE8F769E27005B25225DF0E024D13B0B986658A74C6956B749936982DDACAC39E660F77ED5078EC60843EA2799C02335BB0F7A38D9D80C5262B249AE8069E3828F871129549B79C0253EDB1BB1878F7B2C1E9418D357A7FACFB9734556D3D3EF1735FFCA3C7FFC5677F8CF7C1F26EE717F7C8A73F79844E5415FCB113BEF6E61B4FD17EC7D022F1F393A00D0F3C4382F6EE9D8E449B233A958B92E1EB54BCACB625E8C80C6DB01512D574CA06B4C367E8145F59B127FF06DAC9998C8DAC73930796FD21A7B51B9BABE45626C7DAF123365E61D3C72B734404918ECC2FE104499902AD5425ECA7859AF1FD54D5691CD8C6A3170CCE5F23D00ED3F39F561825E13EB56AAD4A47D6601DCF6A27503465D8E2B85238E6B9A1CC1F2C4B67C7143D666813247912177BA93C2DD64422F79CDA4FA2CBD0035FBAE6D26345C8551C03BE9344D2F8D87FDF3D7FB7F7FE7B8FE17DB2BCDBFD053EFA333FF31247A89D48ABE3C78F3FC11C7ABA00BC7291ACC18A272D790EEFD0E86A3768203E9FE6C8BAE1D168913464F02BFC9C378927E9E911E90112E575064D8D4A5A09D9AE8A76D3EB4AC7C148027EAA32D5B9D289C4B1BA439A693B163C5C459890BA7725DEB648E6A55BABC3B3383896C3A9EC32E28D6E33BEA070E22A481730BD53C8D2F537105D5CDFA6D1D2ECA0216173C34E0D282CB6717D0C593BB2965C97CF65B3A692FDECF1EBE2C6DE52F3A1E4F9F3601CCEBB9A26CDF1FA69E01A51D284144E9115A1DB6C6A6FC1873EF5CC0FF6DC7B4F7F0C90DB683DFE99CFBCA4023F59FEA3DC13172F0E21532A48B0EBCD7107434B0ECE8C45B877B7C17DEB6DCD4732C32917405BA3C6BA6516C7903E576C293801381F69C99DE2569F2C6C6542AC64C14632EED991C049F4DE704C55691364A456C3B169EBDCAED331154BA1A473892BDD7E22A25AAE747374C96AB16E98BAEAE0C294C1896B1EDEBD4296633A9496402D351136D43BE86D26C0D6D37D90C0CE712E179DFACB6188297AB25DF4FB8EE60A30A3806EA7A5BF2E5B390E603A91CD20E6D989BC19967211DEB9E0E2F408E9B6C8432D77BA27EB56559DC21D8F3E84830F7FE07D633D6E7B80CC2D2FB0DB092D750DFAC0871E3EB252C8E1D9AFFD175C3A3D80727985367B80B5BC87A3E73D8C4D39B8D207DCB15563F7468D9E56DA741D7427810B9736E9D0528415DA78862E0D550E5AEB8DE42D710A06773F7195AD8367AA6464E686CDA9E2CE8C5239C813A8603BC387A1CDF4656B21ED4D2BF5791E3D57D617D5353CD2CCC72081826B4DCE5F48E2CC7844CF414962635342CB94ABF6A608CDF5AC8558FCD359EF73167319FC4869CF2668E68A0A9DDC9125E0CE2D91CD97319E9DF24BCFAD46C2F036B5843BA40C90287FF9ACC10A1D08295516DDA1BC24F6ECD88FBB9FFE1C92B59D52563B3B339E76535ED8547F7BF5C17A5F00646E764EF93A488641E015029D5D59CEF959E5FA3BEF7E8838770DD2DFFB064EBE720C4BC5129DE281B4DC195B226A71DAE0DC98C6C10D0EEEDDEA62472FD79A4768EF301821A17E8D07DB10221A32362BB726C9AD3C3DAB2BC280F4833DF551E92CC216E4FA0C112D239F9CF74616312414818FE31A5C069B4E4752DFBDB2E2E2E2B8C2C5519E48A571E92A598C551FABA141951B6163030971CED26DF4904A85922AC311711DD96433199926ED4C92920D502644F9DCC09AC7D171EE5924989746749C4EC2ED8CBC849284CA217ACC574E4598CB2590E291D42A044F50686B6CC21D0F1C46F79E5D64D1CAC9ABC3C3D51171B554E8F94169BAE4BAAE6E6969D1B7E35E728CB93DBA71CF2CCC7B51395091EF278330F4C2285A8AA2505AFE87516079BC9B40A91C60F8FC59BCF5FC7378FB9523989A5B1031CB71E290B374158F1AB0A396B7751BEC23DAB5BEC78E03E0BAF4748AFBF2262402CF81BE3064EF522441378E8FB88EA9F89F4CA52EC4E6D0B31B954F692E97E54442AE4BE18134DC886D36A724CD7C7232C2F0A48B334324C4A735E657790EBB75BB76A41CF4D492506F34C8563B9260691F49C90C46E9DBEB3A9286C2A067DEC4DD4BD67546D2C59D133355A8248D9D1B5E6BE9ADC50DA7B912D16078DCC5B36F01AFF78748444A1C0E79F8C8A6D3B8FF431FC253BFFC0534F46D80E2695A252EFB4DC04D730B538F29639DE779215F128944783B81E59606C8FCCCAC578E422FA04B48A088827089E764B02608A5DD6820AD3BFDD0A74BD9363F4BA685E6CC8E0DE3CA5B6FE1C2EBEF6070E01AF2AB0BD6EF2DEAC1939E1DB56E20F3D1BB5B082C3DC076024C7793465DAD2BC54B1C33E002ADDA9415E8A249B44D1B91A6240E0FF1BC1E08E48E3F0A05A231F9BC4D31E742AA8979AE6557189A71D13FE36372D591DA79CE9F6AA0FBAFAF0DD14C22BC2D4B02BC8A3677D28E5DE0110E4ADBF4780DFCD76C60B21601712D4307436D5A6153B783ADEB223A183C7125B31E722B69F826E5A28A5EC7FC9C87E7DE045EBC184AF7F97A0275111057F0C13B0FE1A9CF7F0EBD771E409EB49B89B8834C12C9649280CBB5F7F495C413018340E3F1A5AE0214BFBDFDD6A75FB72440666767954FA23B08C26414862B0181220C42B2147CE1D9181624F27B12AB5C85C7A390436941481B249D442A4956A050C4E495019C7EF36D5C39731A8B5363F057F2B69BA272897F87B8DE30A7C665DDE1A0A596F83F6D588EA134D469B436F0EC724E20E449B33C493612DECAE0F0B9122F0885D6706AFB1277755FE102262D936E4716FF4FF6AEFC37AEEB3A7F6F99E190C3E150DCA9DDAC242B76EB45B613A575D3CAAEE2346D11174D50A0FF627F2A1014688BA248E23875535B76AC44B22559D6464A144971C8D9E72D3DDFB9F78E9E46949306282ACAF70817337C1CCE8CDEBBDF3BFB7742794E0EDC1CBB49A87DDF93B2A9A7E40D0E54F8590166AA038C911FB76466A9938B97FD23817A1DA6762C5133CE849BFBA161B4CFE5E06C4DC0714434CF920032290BB0FA8AA420950D5DCE509AC8200A143FFBB08C7FFF58BE5327412D0C352794C8F75F79E1457CF7EF7F8457FFF44DF4D8514802608EA663EF4859CC496A11312B098E0240DC3AE080B29FB5CABE03C8EAEA6A99DAA2DFEFB7B8F9DD22187ABDDE1014FC7F1124E4BC256F0E4D9D4160EEEC746259DC572E975463741BBBB876E3122EFFD72F71E5FD0BD8BC7347137F7D6D2D956D28CE38B3F1CD7EA821D19AFCD51487DA4CA6A241E4AECEB91D62E3B35AF740857903E89D9D00D9DAC974CA155B689B5D32AA702866849D4EAA77E9318E721640D4C47C3B31279A6A8ED9C704DB6CA8E7B4590ED5D40853ACCD4A2C175473CE60C296AB18134EA97932EDFA55D36B791E3871848377221D9B16F4122D8874CD5B8D76867FBB00FCE46331519BF25971A461E78E98A4C70FADE0AD7FF8215E7AE79CDC5026D0D9DC359C5E2CDED4F21853F612950C20A845F8E8C0420DE37E96C7AAFCBC2F35CABE01C8DDBB77630B0CD11C83863C3E020E3EF2189F6799A3C4C987AC4EB004D0DC50B92574E6058F4B664442A53481EDED262EFCCB8FF19FFFF48F585D5B47991975F9FD2B2B096626C43F5813677E0368CB266AE726FB9E596DC1DC0633E54A72AD25F4999A419C2FCE3E1456DFEA3069B28CC85F55CA36B1371BE0E01C70705EFC9C1ADB80C5DCBA9FE3F66EAE89C3526EC8EC38DA8D777E0D0BEBBC129B4BC91CC55DA0B33FA8BEDAA228486CF2E2CA184E1F1470CA9D3F2D9B6E40F2ED8ECB6B36D6811F7F027C7019B8BF4350C586F851B4E6E2D414CEFDE087F8F68F7E8078690E0FB61A181780735CB4D669DA3E7AA5E762463E8ACC001D3AFE0288B1B1310588D32A163435E7A7EC27A0C4FB051CB2F1A9395A048003021FDD73E37798ACB16E186BF83FB4D1332DCA8BF4CE176A952C2F346940B5EE306B637A610973C78EA3541B47770DCAA458958D7054CCA8F37F64460E5C6619F9AEE9CD26476F8B640B3D33DF8F3E45DE0B75021533D4332546A7C0E93C181740106473B54C27EACE4F86A88A39C539839393196A35932BB9B59161AB1FEB7BB2F4A41F1852863C4A947422B30CEF045A18A416F4D042C20E43BD5D434D746826C5F2D4406BBEFA1CBC295A69BA1A2AB3CB1512C77D18E1832B29B6DA9921A9E3B839598BF52ACEBCF35D9CF9DE5F60AC7E00CDED16620621C8D11B99F65FFA399A56C9CCE052D5D416A81AB9B3C7783D080E7B13DED5F10B595695EB89FD0292783F80434CA78A8060B7A8251C409C59654FFE637F9F59A0684F878D2E593A74A35438E89211A0D2B800A8855E631BCD9D84F339D5C6A7DFF2E9CD481C6571584F026FBE481B3DC1464B7CA1460EF15B878E7DA32B7FA7252399865FEB250EB64CB4DD764CCC17CE2E644897264F9915BDB1A91AE6272599E93D8912C3DACE046195E6208B16432612073ACFC3B48C989E15FA55CA3A9C4107FB90786E5A34DE7C3DC1CA528EDA78A421E05880363E217F2660BE7C5D9CF10B197E714D4CBE4EA8D3B094D151DE7AAE3E83B37FF5D778E3DDBFC1F8E2BC98863D04A28EC6D81E10C2722B9ACFCC828794164E5B73F11A39A038E038C058B38B4DBEFB06244F3540EEDDBBE734C76E1114C547A735020DA5068FBF89A5AE519ED9D010C5D15460055360FB29B4374336F620359362E3000F4BD3E5F9A5557160DB012E8959F2FA911CA716021C5DC8F1DCA2DC9D0520495F36691C2B0D4E10A4762474A823DAB5FE2A36DD8370A3DD586A9E1AAD16661C9B261B593E9F15C2B3E2E8CFD512346533B3B92AEE867A95182CD02A46E5A0CE350BCFF65BE6F908F48AD862D3A2A10E4D038B7319AA55D3DB521E3320DD6900BFB99EE3679F86F8D50D060532312143FD0EFC9A4BD3B378FDFBDFC337FFEE5DCC2E1EC64E7B1B79BB2D26A398A0B1A106D2C62E32BB501B334F92479A957700718FBC1EA3372C3577ED35A22520E6D8F8FAFA7AB6B0B0907980FC9E220020405A3CE16E15FD0E675A0D1DAAE0D18BA5615B379109B96562973B6F68B2DBC6D135A51659222E733681C5E7FE002F7EF355ECBE37406BF381DC9D95B21AB7B705B0E2D05E944DF6F25284B3CFA778FE78AE330F43CB9F1B724C406A1810E9CAA679AA0C8881F25D19B6102D8167C7A1297CD71E758E5D88CCB41B4CCA263FBE684045DF407BE591DA5AC77038EF833E08471454C8193C9EE34055CCB629E0C094680B8683F5F5A946BC6E6F029F5E0EF1FEE719AEDE0B146CB530D5CF65F86279FE20BE75FE3C5EFDDB77307D6416ADFB5B4893AEDE54B2C87556E6C61FD2531C6A990A49B07B85A9E8C5F3EF40E27C13FA294EABF067B9861D393606D3C1EB9DF4FF7536FCFEFDB0DBED5618AD2A6A0FB79C69E5EE5245EDE1EE5626AF61AA6713B5974D06592FB8E5BD626D14B54A9AF6E477358D2A6DDD5BC3873FFF253EFDD77F162D7657FC94AEDCBC53352D3A020286428FCB5DFEA513195E11B3EBC88CDCC1E518B3CEEA3493DC80B7F5C8CC184FE5E7416AFAD843DB47588E4D5291EF9A86A126ED74949975F6773846BA6D1C6E96B967868D5A731F11CCC09CB8122A38EA9339C62B8685258ECC442A969A7445EB91C1FEE79FE5B8743DC256D704AD636567CC3550BCB470087FF2EEBB78EDFC39D466EB68B69A3A735D9D7E366FC17006B3712B488D09895259831121473994823DAF9F0307CD2A2E3AEE5CCE69B74EBC46B7161717130F90DF27D7D1EFA7454038501497B371F734AF609B9F603942B4F73A343CBCA9236BB05C5541572E7A49C396A4B5E9ECB4F1C51797F0D94FDFC7C59FBC87F5660BAC6D1D67F8956686FC4D5D0CF895D900DF380AD1262956E68169522CCA4B1AE247ACF7D8A8249BBC6300C2C9555478FC4AF15884E3F2B733534CF6B17E8B1D7B250D2F334BCEAC38A36461C2B1D4628229295DA69A87355B81F841040847C729B15C443F2710BF25C0B6FCDDA51B192E5E0DF0D9ED0057D78D1955561E7CF19B3252A146F8C397CFE0F4DB7F865367CF627A7A0669875C5D047562E7191A6DC1689C96E0C7E67BF1FFC1B2AED88EC2DE4B83F0BAB8A856A5521982C401C401469E474FB399F554034434483A1AB12AAE62F4A4685AB90BA555B3D6797420B11159C7493DE4DC65E427C9057024B22EC7DA3BC13984CDF52D5CFFD505FCF74FFF03973EFC48B504ED82929227E43A52A02EA6CDF27480E37310FFA484857AA0CC25EB3B99B22E72DC3481C16EC4C44EB4A9CA27D62799C4CBB13C136AA1633761C162A2B554B9A16734BD1A04908ECA8A2D5983E1C622612E5B7E99476129FEFDDD1CD756035C96F5D9AD1C6B9B66F80FC75A0FACCFC576DCFAC4045E7BEB3C5E7FEB6D2C9D388EF2F898F8353D2DAC240A02DA55A131ED1C4D7110585A97C04EC0CA81E0099AC35D03675A1501E2C2BF6EC9B1A71A204FAD0F624FF0B8AC8E3BD9EE84BBB8BBB3731D208A8F99D2FE3F7ADE1DE7421118435F250BCCC865A57BCFF5CE588A2B983F7A0C53627ACC1E9AC7B1E757F0C5C5CBB8F5EB6B68A7669A151DE6E603606B27C0ADBB72E7AE27383019623C348101F24C55AB4C4C664A4FAA443ECCD2F732CDA8D3FFAD95C8D9CB3924A17564CD7803D56E919905A8FC5D9C2D18A44A26C15A2EFA27BBED185FACE53A8FE4DA66A444D96B5BA2C13AA1F6B5E8886A37405A3EFFC4D115BCFEF69FE395EF7C07B583CB6686FA20B543788CD3CFFE75D3FD689BC7423BCACD8E53509C84E163FEDE13AEE1F0BA15CD5F7B7CFC499ADF6B90DF31C4CBC420FD906278D765CDB95CD67CD40F299A5EBFCB45C8558718B611E308078669514C91F298A1796F6D3FC0DAD52BF8CD079FE0E6E75F60EDC697D8DEDD32893CBB6298C6AA8ACE5C1733AC2600A887A896A104D7A4F7E4D45C650849424C09384E1E928D7B24D4D02F877B32A246806AD7AE25ADA30995F633D508CD7E84562F40A39962753BC4976B196EDCCBB1D166442CB1DC5566149BFA1C30230A8E9C3C8533E7DEC60BDF7A0393D355D158030DE586596CE87F18D413F32A112DC6E6AAC0263D47B583D3CE5F05109E739A53D418D420D41EAE66CB6A92EA7EA8D77AEA33E92C2D1170F45C0EA4981C1CF5458A17E7AB2EDCE8EF78AC179AE49BCE04CC4CE83455DA864C2F2CFB39026D6A4AD1914D78F7EA755C7EEF17B8F2D147D8D8B88F4EAB83EEA0379C0BC8BFE3C624B7542CEF5D11553139264099C895C1B03E11E82B22F9DE4766729C3A2660A9A476E39992F96410C826662835D1BE0C4EE82543E4EA8358B44488ADAD01B6BB9932BC2776F867D918402634245F64AA3A85E5C38771F28D3378E1DC9B583A7A52732FBD6E4BBE57A091B64027D6C676D067DFE45B0898CC19A68F47AA46CFA7690E0BCCB9B2E02802A45882427030A3BEBCBCFC5447B0F60540E88B301722AB5304C96879890BF98EDEE59C0F327A618BAFE3EF525BA345061156CBAA43AA77D2DC70E0B2E755C9A3CCC863FA0189D8ED1B77EEE0FA071FE3E6271771F3F697D8782060E90F0C0B231D55F2698526FAA43CBBA4ED29059AE423114285EC8CF276B3D514F333B146892C452F7A9D5C9DFCAE7CFE6657341873260CB59239A56F98512285046C4925B06B830813F2260BB3D338FDED3FC64BDFFF4B31158F8AAF12A3AF459B819A7B7ABE424B32919B281FC3E07D75D4C3C76E264F3A874E5B8FD6633980B8BA2CA739F60B38F605405CC897391157A4389A282C6A12972F299A5DC50BBB57AE4437429AD93C49AE651B4964BAFF686EB14A964E336978A00C208186494B2543E7DE69B5D06DEEE0DEB5EBB8F9EB4BB87DED73DC5F5DC5CEE60EB6C58CE95B676F5C976CA2285280301494692949A81C5861C4565A318D02333B444B61982CE49CF6CC0C196521220B1835F21619E6C3569E69F080EFCFECFDE2F2411C7AFE659C3AFB268EBD741A13F59200B38C7E8F142C1DF9FF704CAE99FD4B563CB6EFE6E900B198557138A65C61994E8FCA87A654313A553C6F45BF8F00B191A9D170AE7B5EDD6F65F0FBAA9AD766D635BB2E006938808C82C41DDBABF4642F7FC46890D090350F590BCDF09A48678FDBDE7157E5A1B76CADAFD5910741395416C264A7835E4BCC9EC626D66F5DC7EAD52FB176FBB6007C0D6DD12CDDED06DAF2F6BD62D0C066F963BBB409CB7E4464AE90D514D0F29734379A82AF2163F484ACE9D2386A8717313D3F8323CFADE0F42BAFA1BE7404F585254C4C8CA3DBDAD64232AD4BD389B799294E84D59676DA95E68448346107F2ECE57F3853AAB88A9AC301C2F91BF6E71A4BDE098EA73D73BEAF015274DEADD945ADD2D80B1CC5024677E72B9A5B454DA21A845116F651E8060A6078E122333FD0D620057656397753C4BE6E26FFE4859C3BA8552B1137444D3770A7D340734BD6F60E9A9B1B68DCB98DF5D5DBD8D8DA4053340EB5CEA099A8EF32E8B7900FBA1824A9C9AEDB45298DFCDF492534363681B1FA34E2C92A16AA933878E23896BF7112737307515B5824719E968764F29E792F5186791DB16039463587EF668F682B40A893B0E8A42786635199C1B46CAD908875CB45A51C388AC07040B1A0A91318A255BAFB0D18FB1A20458D42B3CB6915599B0E148342D354B154A5687E1573248C14E50CAB8666EA2CB4642432DB2537C46BA19D41AEDC52B9995FAEF4CF8A35F95CE623E41F27327183066C2862D84A36E8A0D14473A7815677175D71909B9B9B686FB4D0B8BF2580798041B72DCF3791D3B988737D5F3AC965AD7F2AC95B0CB421AB56ADE1C0CC2C6A070F0B1096303F3D8BC9E56954E767518DEBEAC3F4FA3DF9CEB2067D7D8F38ACD88C387BD875BAA27CF7BEF67368848C752D6CD5555AD5448114CA0D80E4762E23EEC2EBCE017760700029FE2C8FAA31E86B3CCD59F2671E2045595B5B731A251610345C11E368CF880389CB930C2330CC05B00CC54E9B65BC9FCE2BAB95326BD6308A95B2782FE89B89557949C729988473A6D96D3E467618A88E302B9B71CA0CA3C6715967A9332BA1ADC1DD0EFA9DA638DD037DDF6EBB8DA4DD557E5E96E0931E2574ED8225330491B34726262610D5EB88272AA86825A3005036FC807319E94BF1FF61AA21356CAC4A20CCADE633599144358A21D2D61C506E870585664E4A28DF41A9526D367C14204E63F0F7366255237983AC67AA2FFD990148D1FCB220E10A1D588AE02882C43D3A9FA5089CD108D85795B48CFA342E59E99EE779B0A773FB886F949BF0EE6F79F347020C8F540A8C1C1F0D6BBBE74E2B8CFA12A3CD4F4E231457B1AD96640D040481B11FFD8BAF2540464D3082848029806673548B3880148F159F3BE7D401E7D10D6827443D763CD8238169794E744386EAFA078F040F0C4FC9F0F576FC749EE78FF65E00C34EC251803C045F308C42B9EC7C10848F94E1504330EC5CCC76DB8D3FD4144560C8E301D715C825AF7B66E97EBE16007912609C76910DAF4B9E3F1805C85E6BD47F1905D0284846A368CEC1B76D15C33896D9D8F84A2DF544ADB3C76B46B542515BB89F8BABA83D9CD924324F105043D8C78C8FCF3A20BED600795222B2608E0D8123E7858F9B79A1A5D401C4ADBD5A4D9F042077EF575AA021489C9679D89D358CAA1580E236F16F0383DBE8C3527F6B2E158FEF019059399E39FF818FD40C5CFBDDC1F600F93F1426278B5AA6B8081E0B8007456014C1E01AB946CBF147B5CCE8F9DF4B8338E7D8C9682EA2088ABDB4853C3FC00D4F20B8CDEFD6B3CC8AE801F2FF0CA0026060354E58D8C4C3E3053034F602C26359FDFC6106BB08062BF58206C92C10861BDC01C11D77CF3D083C409E7A4015CFB50353AE8D1E437064A3FE45C1F1CEDC31BFD93D40BC78F100F1E2C503C48B170F102F5E3C40BC78F100F1E2C58B0788172F1E205EBC788078F1E201E2C58B0788172F1E205EBC788078F1E201E2C58B0788172F1E205EBC78F100F1E2C503C48B170F102F5E3C40BC78F100F1E2C503C48B170F102F5E3C40BC78F100F1E2C58B0788172F1E205EBC788078F1E201E2C58B0788172F1E205EBC788078F1E201E2C58B0788172F1E205EBC78D943FE4780010051E993DADDC01F1A0000000049454E44AE426082,NULL),
 (7,'gdfdf','jkfdg','7000000000','',NULL),
 (8,'gdfdf','jkfdg','7000000000','',NULL),
 (9,'gdfdf','jkfdg','7000000000','',NULL),
 (10,'dgfgd','jkklkj','7000000000',0x89504E470D0A1A0A0000000D49484452000000C8000000C80806000000AD58AE9E0000001974455874536F6674776172650041646F626520496D616765526561647971C9653C000064C94944415478DAECBD79986557712718E72E6FCDBDB2B2B2F65269A9D286849040601058060498CD808D1B2FD3FEDCC6FE3C637BFA9B9E99FE67FCB967DFE96E3CF60CD86E6C631A6C43DB66A7C1805924A15D2595A45AB3D6CCCA7D79F996BB9C33F18B38F76596C452B84B5825DF23E5575599F9DEBBEFDD1327E217F18B5F18E71C95AB5CE5FAEECB940652AE72950652AE72950652AE72950652AE72950652AE72950652AE72950652AE72950652AE72950652AE72950652AE7295AB34907295AB34907295AB34907295AB34907295AB34907295AB34907295AB34907295AB34907295AB34907295AB3490F2532857B94A032957B94A032957B94A032957B94A032957B94A032957B94A032957B94A032957B94A032957B94A032957B9CA551A48B9CA551A48B9CA551A48B9CA551A48B9CA551A48B9CA551A48B9CA551A48B9CA551A48B9CA551A48B9AEB8357B61BAB2B07461A2D55919A944B5EED8F0B699DD7BF6B5CA4FA634907FB46B6D792E387DFCF49ED3B327F71D3EF2C44D67CE1CFBE0EACA1A552A4DDA7FF5D5FFFC0DAFFFC9CFBCF425771E2B3FA9D240FED1AD674E3D39F9F92F7EFAAD5FFCFC673E7CECA92364833655AB2165DD9C7297D1E4EE1ADD70EDCB3FFEEBBFF2DBFFEAA52F7DF5D3E52776E92B2A3F822B7B7DF14B9F7CDD9FFCE9BFFBA57BEF7BE817E3DA0A6DD9D9A1DD57136539D119F80B4BB4EFEA1E1D39FEF59FFDF85F7EE474BD39FA8183D7DD38537E72A581BCB070018740DDA45B5B5B6F0D117B6D786EF6DD4160C81AFCDD1A32C658FE7E40A45E3D0A035BABD5BAB56A25D9B66557F7D9CFF9071FFAC02F7EEC2FFEF2DDC78EDDFBF6894947D7BF9468EF4143A3A3219D3E99D3E2B4A1300869C7CE9C5617537AE8916FFD37AFFFF1777FB23490D240FE618C607521585C5B1E5B5B5B196AB75606965A4B236BEDF581D985D98976DA69CC2DCDFD3F33B3B314846C15D6F2972336103230083690308CC9E619C1400C7F3F8E2B343C384C83CDC67FDB1CDAB6BA677CDBE97D13DBCF8741609F3EF4C8ADBFFF871FFC8D738B53B7DF7627D12B5E19D0C8B8A3380AA8D361CBE3E7ABC58E3AED9CE6E6886AB50AADCCAF529AA4E53D2F0DE447B3CECE4FD71616E6C6179766C797D617C7A62E9CDB75ECD4893F9E9B9DA1A5E5259A5B5EA476B74DAB6BCBD4CBBBB4D25A215ADEF4A9C3510440821A0AC9DFADFF77F1B33A31D0AEFF6F03CD619A181CA25DA3BBA8E26A3473E610AD2567E8756F21BAEDE5868D888D61B542ABD301AD747A4097EC491C2D2D383AF4283F47D8A39146939A8D7AB7BC73A5813C6F6B6AFEC4D0EADCEAD0C90B53FB1E39FAF8AD878E1CFAE0B9E933B4D65AA2A595355A9E5FA1DE629B1C6F43C79E228843DEE83939DEB011FF3DA80794317086F70843711F945BF51821FFE7F8D4C7EF72DCC54FC0DF4C22CA13432BAB8BB47C6A969E5E3B4211E38BABAF217AE3DB89F61F30F2FB17E642EAAD05645B19755A21A5FC70BC4EAF1BD0F9B331359A3DBAF1EE1BFF60CBC4C46C79174B03B9AC6B7E7E263A3B7F6ED7E1134F1FFCF6C3F7BEF2F8B9A3BF7D7A669A2E5C98A3F6F21AD924E74D9E511EF2E6C6273AC81BBBC13B94FF6D29934F1960C304F85E46316F6813048022125ED51C1B063C0742AE98377998930538610349DB29E5BD4CBC4950E7B0899F6B92BDCACB5FC3D8626F44113F49AB9352B2EE285DB1D45ACD6879D6D1F40543996DD0F6EDBBE8EABDBBA83954FD9337BCE91D7F7DD30DB79C2DEFE8A5AF32CDFB7DD693270EED78EAE4D1EBEE7DE4BE573D7AF891FFE9ECF9D3B4B0B040AB2B1CCBF37FFD30A9F8082BFAD5A804548DD820783357AA390D0EC454AFE454AF596AD623DEEB216F6CCB46C186955BF61E01C521FF729452C60F5A5BB5D4EE595ACF1CB15322D855CA06D45B0C891D01DD7230A7D7DC135065907FD631B4DEB2C4D11C2D9C8AE8D4B994E6E6235A5CCF68E79EFDF4F67BDE4B6F7FC37B68CBE8C8F0DE7DFB57CBBB5A7A90FFE4F5CD435FBFE91B0F7EFDAE470F1FBAF9C4E9A95F3B367592962F2CA82154F92BF79F5CCC274C25A20A03633219873196C6D87B6C6D30606E44546F70881574D82802AA55F8F4AF6654E7C7C76140117B91D0C59438C51C550EB73A798566E7323ABF1490596703CB1D35828826B72794F3EF1F5FE27FB367BAE6A0E1D7E2C77653EAB51D2D32083F71CCD1D4F19CE6D789567A8E12BE3697AFD1E30B5374C3CA29DAB96F6FBBBCB3A507F97BAF85950BD163C71EBDF55B0F7FFB55DF7AE8BE573CF8E423EF5BE0108A7A6A08F205A38067607B883844AAF1661F6643186DF2695EE9D1209FE8A34386866A0135ABFC73368C3CEBB04171281484EC29AC7CD5AA11C5958C81734C6114F39F19659D8C8E9C8CE8C4535D9A9F613C911B0AD91B0D562A34B6B5CDE192A373A70C4DEE217AF55B0C1B5A8532F61C172EE474F4694B4F1F7734C3DEC6560DF590288E3DF28F23BA6EC75574D7AD77FFAF3FF6D297DFFBCA5B5EF3ED037BAF9D2FEF78692097BCBEFDC4A3D77DF381CFDCFDE9AF7FFAF7EF7DE801CA97F933E1CDCDAE813FA19482AA8269061ABC9943F102636355DA3A6A694B33616F61A95103CEA8F0C6CE191C5B646D7953C3901897248C370022188923AD5B61238BA244AADD63CD90BD84A59933197DEDEF0CCD9D0FD413ED7234381450D00E699AC3A65986D65B27437AC5DD44D7BD945F833D457B2EA0271E73F4D4D38E967B8C39461C75F88573F63A965F2FEFB1AB037EB16A2B5BF64ED2DB7EFC5DFFE77BDFF88E4FDC79FDAD0F8F0C4DD8D2044A03F99EEBE4F963239FBFFF2B6FFCDC573EFF93F7DEFFB7BFB8B2BCCE0039A4403C454A8C9D052853C2FFACA00017D09611A2EDA308A5786357E1542CB035DB8E51606D5183608C1120BC4A290C2D85EC721C1B470EDC210542F626BC811982D096ADFC802ED1E3F705F4D453444323191DBCC5D2D537B2176A12B5A6737AE651A2870F45B4EF00D16BDEC046396E68FE4C44674F24F4F87718A7AC32AE1908A81727125A55B7D4682DCD04B0530F96CAE61922E4AA50C8C678F0E035F44B6FF9D5FFECCD77BFF90BD7EF3B5066B54A0379EEFADB7BBF7CEB473FF7899FFBC2D7BEF02F56E697A89DF3915C03C8467C821DEFE4D465A7C0C640B4738BA13D63116D1DAC70F892C88F3314BDD94304512E1BAF8E9009DF32308A9CD46F30DE8881DED920D81B9920630803D45D11EF14D5223A7FDAD023DF48A9BD1CD1ED776774ED2D8E3D147B04DEDC6738747AF2EF2AB2E16FBE8337F7CD8E9D82A19929369A0763EA2DA734C09EC6720CB830935327496974474883930CF4F390CECF8734DFEA512208848D2505F60968D7E40EBAFDE5AFF8D04FDDFDCEFFF0A657FEF8D7B68CED2CEB23A581101D3E7F78E2B35FFDC25BFFE68B9F79DB630F3FF4CEB5D555A201FE01E30683346D86C20487407C128F0CE734394EB4633CA0510EB9EAFC7300F21C06C11E019E210C813F1032E514C15BF0568D50FF608C82100BA58E00450EDE948241825C422D97C6D41C3052AB78F0819CEEFD1A1BE17647AF794B48E33BD869AD5A3A77DAD291A3446B8B55BAF66042D7DF4CD460639D9D7574E69980EE6303B9717F467BF6B33174039A3FC55EF1744EED5640076EB3B4637F440BAB319D9CC9686691BDCE4A4A69DBC77E7CDBAB953AEDDFBB8FDEFC8637FE773FF7969FFFE86D076E9F2A4DE21F7116EB2B0F7C85BDC6C77EEE8B5FFDF2BF989E3A2DB5857084C3A21A9FF4EC12F28E16ECC68622DABE950D639BA3F151B69F5ACC2709EA1209390EBD508B18647C528F400FC17E37E2210CFEB381D43CE04A42811D29621BFE934D877F96F3A91EC5FCBB1527AFBF76C1D2F409C60EDD90761FC8A836E8D893185A396B68F53C300CD15537A7B4F7A0A3FA48485DC6FCA08F74D743F630196DDDC6D7BB95AFA39553A3CE7BBF19D0610EBB166723DAB53FA0ABF765343A4CB4B812D099594353FC7A8B2828B241F5D63BF4D4A34FD1E9D9B3FFC3D9F3B3DB7FE1CD3FFB67AF7AD92BEF1B1BDE5A6213BFC2DFF99DDF79D1BFC9E9A573B5BFF9EA27DFF2BB1FFDFD5FFB9B4FFFD5FB576796C9B0D730A3600AF2A6063383438F4A6C686282E8FAAB880EEEE1137D8C01731C08E12F668F32D07034CCB860B0CADF47F6890D24403190C329CB003E228EF139D4411618592703C09C6594A5EC4DD82B7519AC77F80BB8B99BA674F64C4A871F0EE8D409C61BA339BDEC15217B15F6006B1C46B1210CB0B7D87D95A17DD73A8AF9751D3F4FCADF8791F4560D5D98B672BD150E0DB3D4500598A816D2EA9CA5CE5A851F63A8399E50BDCA98A9C1E1E188A55A1DF6CAC6CACF95F3F72DBBB874B1474F1E7BE28E23E78EFDB235F6C4F8D8E8B92D43E3655AF81F83819C9F3E5BFBF8173EF5331FF8E8EF7FE2816FDC7B930566D8CAA738B2540C5EF970E7139F416E83E3FB7D1CB2F086DCBE35A7A1210D95E0051A752B5CA74625A48A8B395A0A05A7E41CAA64F03CFC3B3987572E02A5043D188E527EEEF5C451C2211BBCC36A2BA3361B62C228BAD5B2347721A387BF19D199A9902676E774DB9D8E766E0BA8CA0699B13186C36C8CBCF987475033E14DCC782464E3029A318C771CBFEEDC5C489D1E5FDB10FF2E1B538743ABB5157EEEF324F496C678468E8D67AD155196D5F8FD64EC1D03DAC25F719C09C5851FCE46120836999E3E4F0F4F1DFAA995EE72B26D68ECDCCE6DBB174A0379111BC8B9E55303BFF7E71FFAB50F7DE4C3BF7FEAC87172C38C018648B84BD86036C1518FDA85A55B0E0474D3DE80B68D4454ABC41C4645EC31D838AA39D503D4BE9549E81864C3A8E4C3E3EF4BB64AD8B87CBA33AE687722F60086D6D62D2D752CB5DA317124C35F8EBA99151A49C65E65EA6848278E581A19CBE9E5AF76822F849AC2A158CC8659471112FB96BD509620FB852C99DFCC211B341B09DB24E30A36C634A4A1061B5696D3F193EC314F4534C4DE71CBAE8012F66BF32BF05E091B6ACE86CB461647343AC08F6982C212D24A02906F84E0D85D59A763279FB96B6AFEDCE0D0E8E085EB765DF78F9A9AF2A2C520C74F9D18F9C3BFFAD03FFBB3BFFEC4FF71E6EC9454C0A3089BC849E689E184F64A4CC474ED5E06BABB031A6F8454E59F994A8F7F17FB05C5BD18E47392EE0D79281B5014329650FE556AF914CF220E9D38344A52F11C288220ED9BE4C02D56704D85C3B2410E7306EA867AF0267381D04D76C028F77198175BE909C984C1928BF732EC9A2C1B5595E33BD0E3D31C85154B157E8E4AE4E8DA1B81B4235A990F687131A7C161E0A51A1B168C81AF9F0D79843D9F65C35DE7B8AC83BA211F0C35BEEE2AFF70B019D2757BD86BD5733A3DED6875A5C2619CA1A5A535FAF297BFFC4FD756D606D696573FFCB3F7BCEF4BA581BC88D693A79E9AFCE01F7FE0B73EFB99CFFECBB3F31C6F80B354E3731E07668A5A4528C4C1DDDB1DDD7AD0D2EE49600A50C22D9FDE48DB1AD9D479AEE03BB38A592346E448FAB56CCA1B99C3270EA1C099EAE0EFF04839C9499FF1464776B01A69D6AA56C3691DB381007467B4D4E6C7AC9054436A15A481196354C54131E8E7300DD7C0D7483D7E3D93485AD83864C89C6019762884DAE5C0180378C64BD331BC88656710D04E06E5BD0C19B088664E33F6D862E9007B920B73112DADF3F5A62826B21763CF17B3A15738D4DABFDD529DDFFF09F6200BEC6D90BDEEACB7E9EFBEF9F5F7B45A2B438BADA5B15F7FF77FFEF1D2405E04EBE9D327C63FF4977FF8FE8F7CF223FFB237CBC7F11692229AC9480A75885BAA1CBEECD9CE21D541DE1CBB131A8C79ABB2E1988A95EC1359F61A1C8A18368430CA08B82507B396F104365FAB877A03FF9DBFF254BB032583859D85045688CD676998377D8D714BA366A8CACF1D73B86679BB5BC44E8C077A4944B31CC09C3FCE5E2274C2E64DC5F304926AAEF37354F9B1EB4800205DCC1E0FE59A0E6FF4ACA2ECDE6AC5D1D8041B5CDB5185377D7338A71BF8315D06F133A7421A1BB3B49F3D243B0B5A5C0DE9021B40ABABD8891F423D7EDFCD2A8A9FB87E27854D64B9120EE12CBB9C071F7CF88DAD4EBB91F4D2E86DAF7DDB67AEDE79F5728941AED07562666AE88F3EF507BFFCE18F7FF87F6E2FF34E1A6060CBB179C0C1BB052B903740D4307CA2E6F48A1BF8F4DD1349D815A71A7E39360EC00B843A28F0016CA00088B42D8C639571C51A03ECA4839085A88D700A792B807C09AB3834624318124E56402308AB066AB2F95D9EB2EDB01760FCD063A0BEB2CA1B7131A01663881E5F6AB7CD9EA965687626A0134F87B43C6FA9C118616018868D4C1ABC52409D5506FF0B96D6F931EBEB1CDEB57DC64CF9921C92C5E2995697886666F8BAD9EBECDA9FD2F000E83011858C3F9CE1CDCFD7931B78D39852F6823817E0E50618FC7004C607009B32F8677C302CCC2FEF79EAD413EF5AED74D6F7EFDAFDF496E1ADEBA5815C81EBF7FEF2FFFDA5DFFDD3DFFD37CBE717291AE36DC2A18D8071C60B0E0D4ABC09F6EE8AE88E9B42092BAAD854AE428C8B0570A34601DC110B792965A309399C31B4B26E68792DD40DD9C5EFC542DD086384238150D1D1DF84F4EF5636CA316CC60A42B28AD0505207CF81E25CC838BC4A31BC581DA9DE4C0CAEB51AD1DA724C730B19CDCD399A7A2A24CB1B7F1B5F636348B1044EF68C3D490AB6EE6C48C74F30EE9875B4B6C65E808D3569B3A75943BD23A70BE7433A7F9E8D883DDDF0B8A31DBB19B3F0B5440CACAAB51E552A30FC8AD0CB42DFC2085600C2CE5A9C8BC74358B9BE1E08D526647CB4BAD8A1878F7FE76E1B98D6C1BD071F191D1CE99521D615B4FEF4731F79EBBFFFF49FFD93C573F3BC537913A3622DC4A850AAE3A07FECDC1ED31DFB88768C65C2CA0DF8E65783945A28E4A5E029A150C85E067929DEC46D3E4517D86BAC763964E9E5522BA9A232C85E055474762B522A07BE1960B0BC85BF9A553E8D516D3700D53DC1252824C24371E02FCF13C509EDDE5395EBDEB1873777870D88817EC2C613551DAD9CCF697EDAD2E9290ECF18670C0FE5D243222118BFEE722BA79327031A6A70E85551EC8202258CB5C3C77FB79389B7DC7F4D48076FE46BE20DBEBC1450AD91D30083AD31242C1A4815B337E4F7D34D035AE7C724492646DF640F780D7F9F7D0C4DCFC0FBB1A761B09F2FA6F4914FFDBB7F35546FB47EE3677EEBDF4E6CD996951EE40A58DF7CF41B377CE08FFECD7FF9D0030FBDD9714C6E9A1C4690A641115AE164DC3961E8B603015DB73D67B06CA58A8DF002E154C4AEC5481893E949CD9B6BAD8D589C3723C7EB890500B6624068FD43CD03A10BC88C83BCD9B6D6190C371933D4B58A1EB041C2736506ECDF48627B23389F5F8FFFED187F846CA023A355DA3EC91B76ABA5DA10E384910A0D0C32EE61230503E6C22C7B17E0817685BADD8CDAFCF7E9D3011D39C25E6425A4AB0E3ADAB623E44DCF609B517B6D18244A475B2789F65F4B74FDF501EDDE2E6A29B4D64D69B5AD99B9267EB762A44C0FEF86EB037E814749906808EA5467C3438131E1CFA9D5734AFBE7C7F496BB74F2C2897B826A38FD9A5BEF7AB0F4202FF075E4E41393FFF693BFF71BDF7EE8DEF7E4299FCEC31C1EE084CF105EF1DDE6CDBA65C2D10D07F86B2F6F8E38A3884F6AC7F8019B3C42DD2145CB8615EFC187282D7788965A4E52A5A01B22D12B1880375A663493C4A13C9FE01C4ED51D0DC4E2A8F8BCCD2524B1E05CF19E8A6D453C17FE0D906FC44365C2CBCAB2941A55F61831C2190E01ABA844A454E3075EF712864F23011D7F86E8DC090E9DD85080A5D841D12A639665369EED7B1C4D5CE5687C4B95EAFCBCD6F6A4F057731CFE71F856E56BAB051A9E017ED58718C82F4734BFC69B9E8D7C7428A4E106DA7E735AC1F570F885765FE2900FF8C3F2E734312499017E5E4B73339AE0409FC99913E7E98F3EF9915F1AA80DAEFEE67B7FF363A5077981AEE9B973B53FF9EC477FFE4FFEF2CF7EBBDD6A51C0A181F114F520D3DAC15033A0EBAF3574337B8F6D0391F488F336923A0552B0D2AFC1A19389D83852600D06A50C963B6928B139AAD860BF3A1BF2468EC4126ABC69C678038E0F90141301EE2192002106C07624A1C45F70D893917A1CC3BF13F0C60C901923650CE739630FDEB073CB8E165B117B891E0D54029AD86668823DC3C870CC8736B26438FD2B947749BCDCF87647075FC2DE691075968806F83AB632D6181808A8CEE0072963C3D79972E894A492A9A64A1D5E30A20E304C3BA784AF7430045672823F52215E92D681F80189CD855DD6E4932066C3E9F0B52399E0C033E36B5FBAB0B8F3CCCCF9ADC3238DF9975C7BEB91D283BC00D7D71EF8EAEB3EFAE94F7CB03BDF22C246AD1B21AA9A04B82367304AB46FAFA5EBF745B40D850E64928455D195CD1F3A9CBC19190E39F29EA1A5B58896DA9914E422C3A73B6FE51CDDE7919393D6B0C135382CD9DAB4BC11D9007873A11008C300995158BB785E7045F8FB99610C1254459C04415F882E2A36341166E03F53DE844B68995DB762CCB538A65A3D930C5A9D0DE5DAAB8976EF7434B7686895C3BD280FA556531BE4506A3B87600B21CDCCF728598FF9356B54ABB1F15B554C11F939F9E243002968C63803557EAF8321CD2EF1FB5CCEA9CA1E776C3494CFA9960BC421C7A1625465635C555264C4EF7D9C0F9E8C1F9F7660A84E8D843DF0F1A78FDCF5071FFFC3C5C9ADBBCEFEC4ED3FF168E9415E40EBD0330FEDFBF05FFCD12F7FF31BDFBC3D8782087A3938EE0FB3400A6A00E93BB612BDFCC63A5DCDE03CB28976FAE50D091BC0B20DA500175387EFF7326FC025B633B4BA1AA1AB93A4659573852C98A5266A0E7C6A37EAA150DC49D2A4F02EDAA02E513CC08650DA3938E31D0AEC62AC66D324152B55781292E0C25A426BEB78FE50DED3701D6956A7C542A07B14CEF9F7EB8CA9C6C6392C1A4D68689441F770939F2390FA4B9A56A9D74308D7A1B89EB3774312A12E9E0B1982480E7CAB325BA602968A480A75D2586A39295F7F5C0919F7583954B47A9FD0200C55BCAA136E99E1782DE00BEFB4D9B0F119F1CFB234A385F9D583ED4E2BB9F6EA038F6F1B9B587BB1194870A55EF8671FF8DAEB3FFF9D2FFC9A65BC41150E1F0C6A111C42657A438786623AB88B68E7688F1A714F806F6625AFCBFFE7AAD76662C61C158EE94342D9A467ADA67C8D37328B44153FAFAB489FF9961147C3C3A08D78ED2AA73513AD89EB26D7FE1AD4BEA52D4A304E80708537AE453C0F4FC47F07576B998DA38B3434FF2EB0CA4015853F3EEFF9BD3884887C6D4829435A2B02FDC40462B8B9886EB1C1C64E2AF3A867A0396A8D43431872C6C60FD2A470639C7A35D123923E17FE6C18CC8F3653EA72B8070FB6CA611E041D91EA360152C24E7AE887F9206836E031D873F26B6CDFC2A1DC18583B4E1805A833ADB557E8F35FFBDC6F7EFCF39FF8D973F3D3B5D2405E08A1D5A3DFBAE98B5FFBC23DAB537C6035554401BB59DA591143F326B8668BA39BF6D6F9C48F2494498CD62C504D8BACA64D3BBCA990C65D5BE40D92045E8C41724D72EACA29CC1E6080F1C604E381A1066F5AA48DA5C756D3AB22134A2AC640B4D11B22801E9B19F8260C488BEC5A6D5FEF666C946CB04924923F01F85531874E512A205E4F7B2955B2D78334502A1E2367D09FE681807ABC158488D510D57E252C8226BFD6C501D113AC02E514F583A118318CC7828BC59738CE9864A44912DAADB70DB5DA1C52A5A4D93906E2F88460D403750ECD6A78AD4C6A3B3BC770F8682F8BB4D9F367B3B4B84C9FF8FCC7FEAF2F7DF38B6F2C0DE405B0BE7CFF175FFFD8A30FBC47DE004849C01DFED406AA9A1837742BC7EF13A3A17803B4A8F67227A7348E3E804F900217196FCCAFA7425B477910603CB0DA6D071E160CA6D1C8686C38A34148F8F0C99EA646EA023899F15F20F6904BFBEC866EA8F702C218B1A4E45F2B5B35C950C780EE95D1DA86EC61A77494D84AF51E01111208264CF53D5952262F8C9C7C77A25383ABD751B0CCE43DE48CBD16D7D98B8219E07F6EA5186E24ED2DDD8CC0273918BD316D190CD828B500D9EE229DCB9EA817B05743E24143C50A8782C335C64635279FE5C8809526AD5A93BD660F244B92F0F6C49113F4E79FFBF7EFFDD643DF3C581AC83FE0FAC6E3F7DEF08DFBFFEE354BB32B140CEB292A0A85467F3EC01BED863D86AEB98A6F60D8A35E9A681B2DB256EC13800B90C15A63E3585953F62DE26B4422A15759EF819AC2A151837106EA1BC005F03C386D23FF6238F9B572A05EC4A995CA86076047E12E026931D2531A6778C631FC7227E38D184AFAD8A2E66273F9FD462D64BC01A38CC4CBA0F28ED91E28581A5715C3B6080DC5A921F3A6E4C41A84E83824926C195568B51B52AFCD2FCA18C339046685770353D348ABB0E3F79685DA11395427E993CF840819510774FD4E20184853D296627657C36C10D52A9B347F8DF3C133E9FB5440003575231EF5DB0F7CEB7D1FFFF2C77EAE34907F48EF71EFE75F7FFCD1A7DF052590984F2E11430FF54F2081DD13215DBF8B6F249F8CD2BC848DCFA7799594B68E5AC41A83DAC5166F882E9FA4FC338EB4280D12A9905BC79B873716A820A383964FCF4828EEA05E184A240D8A5E0C64B5AC2894F87491F8A5400C474E6B8B50CE49313F8E22319816638EE5B6D6258043AC7661503D8EA8560D4515059E2792AAB9B68EE7920E0EA49BD0F085A2FA1F0AF33E94622328FBA8D21B493507A2F8888C57176A26817A27240E02A1D278198950B35B95006970F65C556D01407868F9397A1C6EB65AFC9940085EDA86BBD40873F6A6FCD86A8306918A1E4AA939065FD9106DAFB01ED0EAD23AFDC7FBBE72F71F7FEE4FDF5A1AC83FC0BAEFA9EF5CF3F56F7DF90D3390121C0B2961F48AB003E0D2A5EA3DF6EF0869D7444C6957B34322DB135889C70D83F8768646A69C3A5DC0EA883789F65C883181708822206F96E1819C8606AD006491EC918C159AAC10B6A4D266AB1CDEA0EFBD04B503B44BD824FC0FC90AA1BADEEB311806131705130451925183A22262FC5068F6F018600A22CC0B70BD6CE441D4E33FDB5298A430912F8C497068D072093F7746B590CD1FBC2FF698117F106BBD9C56D0BD9879A8809E1478AC0C068B3E13F668592E5CB12642AD66CCD7016FD6A5204ED8AB267CAD6C24BD40F4B500D833D07238E46B461955397E6BF20102CE199B221F34A9CAAEF2F74E9F3EF7AA4F7FF5AFDE76FCD4D1B1D2407EC4EBA1471EB9FDE463A7DF8ACA2E8D6A51CEF08D95CE40BE41BB2643BA761B62F91E3A837813D678A381DEC138234AA44007D2E16A3712CA0798BA2EEBF143B5FF02277018E5BC6152DAC261578C2C9775127E18499F56A4A3AF00E27ABCFA53DA493388FC15F05A488C7CB25703ED085CE64DDB460ADAD6FCCF1948A72826A2E729630348A50F04CF6DE0F6F21A3F578337772C21A4F491F3F56621D096D255D0571EF30F1BFC19C01B208CAAB0B7432261B9E3A8D30320D75008A96ABC37E08A5C0A96FC5C9991F6DD01C6170D0E9D044F49462D60E3620369F373248A9E60B0203836E394434FFE6A44343C14537D28E3E8D3094622C6699DD536DDF7EDFBDFFFB96F7FEE2DA581FC08D713479F98FCCC373EF5B6D9F505513D042D44631023A4BBE6604857EF33B47D9C43838E6EAA80E32E89A31182B10120C3B3BC9E4926072149C6F1BE94E52C887B1ADA20E4181E32D2F60AC950CD0301BBE4F29AD850E462D5CE929C0FB68F8661A0946451267806F515A9B790950CD1729744EE1A59324A156883CB55ADE5C2A09509535079072C073D05CF8B700A8D532E14068011253B10211339180AE16CA46563B4F222658C7A067B406CFE041ABD92F68DA49DB7C88C891A76A080C9B21B0BF9F5079A24980B9B3D0E6249F776D8A8D7D6D1B7429A0583DE17700FBF894136AA11142C47D8FB212D062C82CFACE26866F602FDC5DFFED5BBEF7FF2DEEB4A03F911AD874F1CBEEDBE47BEF5BE6EB5ABA95D6481443E2494F87A3F7B8E7DDBD1946429418F35B858BC250329D8451C9307B4805E8E2CF77BC368A636F41D80BC9507180B8F0CF00DC7004C3F262D94B91DDA4BA27FE4D23528CF613C8D5D1200A15498C10313608CB0C6A20F9D68152A2449E843B14442AF1CEDBCB11181EB4AACD72B8C5C8071084084A970B38C34791939F9D17382F7ECC4ACB5282921A6D42D9CE2277F5DB0812EC23A141101F483C067BF2428147A8CEA75A941D56A46EA30B1A4AA9576823A509BAFBDD575D2C5A8A125304F8D3D09007E465B8794FD2BD5FA5CC32CF0B81E7CFCE1777EFE1B5F7AE3DCE25C501AC8F3BC8E9E7F66FC8127EE7B457B2E959006750E85A95A5F18AAC77470B7A56D43DA7A6AA38E9CDE591544C3986C3794EC51BB63258B8313191B25C606E40D9B0590F0C198021D51A01576BC848E43433688904912C28862082365F150B1046301EB608CA1B6CA4AE53A95BEF53564857A997A03640300F62BC81A69D5BB1AA8A7291262C6837DA95F48E6CAF9E263EC7FC18F9E72CAD20D048359F98AC46355D859185171445DA3D30925612099BC480D5A33D99A4090CF13844CBE8E4695B1488DA43088CC18EA2029BFF7357E9E75001AFC265A7F41F06460DE648FB3A599D1085A892BFA71494E803FAACEE22AFDEDB7FEF6834F4F3D75B03490E7799D3C7D62FF8387BEFDDB3280C6F8BCBEDC3C3E29F9B4DAB93DA55DE3B19008F354431E6CCE887F067A44AF6D64A326A96E2427E10A6F02095962C1D58D7ACEC0D309000DAC4A8FCABE44F8D5A79390D41294BAE12BD4EA8CE42B103F6284F98B1F8115BBD2CA25B4B2BC7BA09315998A0847800252E70D16C7BAD12564A4C248FC13FAC2A3F1CA8CE495478AD7353EDD0C7804CE9408D659557C94F39EAFBBDB8DA53F44A685FA80D079E373DEC8482AFE508C0FC4A3412112D71330DE808A4B97BDDF3AE336CB9F013C686E5BEC61120EB32A3418576854F85BDA9416205316E9253E7DF269BAF7D0B75E5D1AC8F3BCCE5D98997CF4914729A964BA37A0969EEB8D1DE093EBDAADC83A697D03C09561BA2817A272BCCE3774354333106824A11E6F1A7D6B118D377B9501F2501D733E38D64773504EFD135A24828C974797E35137A8465CBA918A4D8CD70BBC81206C433D01C20E780DC89A4A0F8AB72614F26A553694C85221FFBA5906B66F189B6E951E10B9AFE0FB2401A971E135414531560F089960056226BF9F763B10500FE3117E98BFEB92298331497D5299CD8D6A280274F23D7E089C7515C11E876AA81DE55EA53E739A3E460111627AF55AA8549582DDC246B230374F0F1D7EF065874E3EB6AB3490E7CB38E6CED59E3CF2E40DDDD51E47394E7AAA518043800CDED43003F67D5B39B0A825029951640B1898871C322065BB96186A21EC02180D03C9F31BBF1953600C069CA30D279D76A894230D2A205B8A05FDFCAD16DA9CF39B33F4E6657DB1504F659CAEC02C3002F4ACB7DAA1D46144CF1DBB32D0B83E7215A1B1D72A4EF043611762643EA4DA6C20AA08AFC6699EF5F988B9022745DE73F1AECE65F3465220CC2C875A49CC1828571E65E00DDEE31A491658BD76300DAA959037BBD1F7C1DE15ECE3088C67F60E6B1D47BD94A4AF3E943A4E2E4C03504F9A35652AC8BC45243E6A81A84D3E79ECF0FB1F7FFAD04DA5813C4FEBA9A9C3373C74E481FF450FCB58C3EF508950E8821B1B539134279D80BCF96314C3120A52D4465055662CD223DF4E8B7A462A27B1F568A28E191D0DDE0461EE595581CFF238AF87A5D91E697692D0A7A206E143229D71AEFB4DD9EE1CD6F0265A6D5BDE944E84E204AB0857C42A75841F0BB512D43ECC0F78FF7D2321DB0FC0B43DD1F9C96FEA05D01519492F4C2ED3A8AC279A209C445F3D8A94F2D0C0330F9C160BAD23CF0A2015B5E0CB84CA4935567D6129EDA0AA0EAFE8208267656C1CB27CC03C710476B3135E57AD6EF49A1215BD036C9A9A3A4DF73DFA9D579E9F9BAD9406F23CACC3534F1F3C7CF4101F884668E3500EC93D53759863F85DDB79630058E6911402C198457C6D38ACEAF6228EBF43295160F328294A2921324D8DE39C21BEB9A864633E796E731F425955FE703E5E28E0866CA4D87B0E7F82DB825FA2833A11E6C17B747AD47F1E01F7C2DAD0908CA28C6A0D557E27FB5C83283CC9C546E236C08ECFEFCA7F3EBB060C01EC60BD0D29127702E241F347B8973A7F9DFC394A3BB2F0D7F4E010EABEF78D75FE5CD08F02DA7D1E6452E3C849D9CFC88CA17F1D7803C01ED80C9D8E5B060D0D0C06D2EBEF329FC8E0EFAF2FB4E9C9A34FFEF6C9E9E3FB4B03791ED6D4E953FB66A796183A209D9B93C79FC26D1A63D77ED5566D08420AD4589514754AEFA5955E406B4ECA1972EB656FC2886C2CE1C8608DC3839AA65E907625A938671BB53FB701C59D2B3042263840017C28453F6C4254D691FB85F0010A7489D390CAF8D4AAF14443241870EAD684A21F7CDF5BB039DCEA837309893687587ED31BF592D6680FBC66E024E527982A810264A2C37E229F055363D27A0AD2C5284482975545F857F58A2708B5E25069FA69227415887083CAA238508D69B8E96450A9723555A628D00E009A5E98A167CE3C79B03490CBBC4E9D3D3134737E7ABB84FF323F3CD58D9985125234F8141E8500410C22604AA96D8BEC26406ADAAD51D2635CE252AD3CDB5818BF91C0172BB1F84025A2461449481260B2144E6F81168116FF605426F0B1934A0181B4E8042C07DA636154A5517A40F88FA49749BCAFE2706832324AAF87F81C3249FC5418038DF0CA055E5DDE7C770FE2FA295E6FA052AE0E37E1135BB845797E3467D980DF6BAE547731DC5C89930893207A975BED775191BB50335FA0F65B2D32C26B20CC8A78B323CA72097F967CC260F02828EFB9903943A1E1BB10E320D009198910442524A5DB00A14150CF83F5C595453A7EFAE875A5815CE675E2FCB16BCECF4EFF17B241421FD648F3371A79421ADF02A04B326200E270715C918EBD34CB6939ED0A1729E63B140B450F9B3496300A9DE24DC600320A001681A2A2F3EDB32270A8CC59DDF824D91F9CDAD616914B2E214AE0D473E0E48DA946596A45390445C9C02A07CAFA94B4D41F5C269CAAC17A95AAB62E14796B1249B77E37AFB1D95822A49AA53098FA1A8D154F29ACE062FE215F2F8C4F69F1B1A686C5A0533920BA9D404034542A30E7447C84F53D3252E88B25EB05DE59158D63159DEB0E906E197F64911A27385DDD4C673156F30A1F4C563A0C871A3A22025E2597D05486A7D0F2E20A1D3D7EFCEA23C79F9A280DE4721AC885D37B66162F68E7BC73FD71E4D8C5501499DC120A6B37CB859EAA15624884A64648819251F1B2A01A2B296C8DD91BE93866DF2F41CE9F7C1B63CF5D3FA5EB1B9DFA60B938C5BD4289E4433510434F45275360AB1A8D46C0AD1396AC11C80F495218B50063673665CA7ED0D29E0E1849B0E97BB6A899380FB2493306AE0FE87DED4864BC8CD0513667C4F42D06051759D41B9DEF7391CC983011AC46621E9FE5390AB2AAE8483EF4848719C014AEAAFFC48CE91740934E972E2CCCBD7F7E657EBC3490CBB89E3E7DECE0CCDCB432456593F99C2694C9EB396D1D540D5CEB7D0480233AF820F19F24914F8FE6D2832DDB012721AA241C0E40F72924A57723D314F846AAFEC9BD39BF6468D3898E0FAD227B5233548872424AD28C56F984EEC110422BDE458D56B5B4E08590F581A075046262904A8886C403D10F1E83E7E86263ED5F9D9467D4CC8DAF8998A2DA4F455151D5E9E119D1B095E5CA2690EB12A814FBB24A4681AFAC8B223DBE64938BE9C8670403054ACB643810DA04BCAE56889E16BCBFA0DF04862C9980C51CA2D80B74766E7AB23490CBE941CE4E5DB5B2B0A4D95D8C9EC5A6037D9C3D40A3090138C51422491028F53C93E94D1C02A4A67FD20BA8A60DEC01508966A140EF9DEF1E77DFA340F75C7C80935FB6A02FB48144D8EEE6D44A80528AC6A9502BD54E6B28D8A0D86C685B45ED43C1CEB30CF1123DC9464EB9CF50D176E1508B80415195F75EB3301319C900116FABC4C5A2D8A9DBC02720DC466A1B325968E2723E8B16F8D715FA3F248D72ED98949E17FE5C9B22D61DF8E62EDF4416EBB52C2E2FD1F1E9A96B169667A2D2402ED3CA921E5AE2187C6EDA481CFFA3510AC32C6321D56AC1AA00CE88A97B99F3D035F25BD00ABE40408450003751EA8085F880331785543FF03447F389EF2F0F7C45BBD5F569536737AAF0C5490A0305388F20E7130A9749CE777FF25FDA9DD202A69627B58EB3D9680321181AEF017CC762DF468C140F01F2B32CF062D87E2890D3CF461528FCE67799FC33F4D9B13E26935927EA912C7AE481572475ADDD90506B849ABD608FE2B5C50DF1C19124C4E1F2FFD7EEB41BA5815C16EF71746CBDB586F9B372E2E559AA548A802486873B0FC3904FB1C0C7D99950C21142F4446E34D510D86CB87C12E3600F128AAC026548CD4A53136D00F24B3110D2CA72280FC9A9073DDC4403FDA860CBCA61AB60B500D110578823D3C72C1600DAE497E63736857D5ABCF31415E3BD9FA37E08A840DFFACC97F1F82D976B416824747F517789FA8547792B2EF013B07349E7E2F3C57C78844999CF2DFBE4B01C4456245649710B8C09A16AA8D80B2794CB36CAFDC8EEADB456A8D3EBD64A03B90C6B7E797E7CBDDBF919DC1C5351391A2122F2FD196B86B465B0CAFB1D29488D99111F671C1477531D33A6956FEB6FBAD2C8C3486914DABD0745418D5444ACBA5F35BF9420473950D23262D1639EB2D78A5419DE29A600C608416CC469EE2A62DC95A8A864E79B0A81971862F553BEAE6F2C1B46639EE589CCC5E8C529FDBE10A3C87C08A4464A92DE952C18D2E168DBCDAC007AA480A1AA28141DA30901C5FC1A3EE5D6F4F5005489859D450C926361D045859E0DAC93D2E2D202ADB5D7864A03B90CEB1C03BA161AA369F3FDD70DD1E09B3058D1D338155648208693627A12323588B1A51696EBE16A352EAEA14149B087F554131FC7076E536DFC524EF3C883502306DAEEE4FA781BF487E820FD6B8CF3C90323437B247B456A2081D310CD5DBADBDA80209B98C4C587E39E735B834D0F73BE5B50D3D4C842216482EB347DDA8C51ED5DAF3D6CBD638B029DF3EE89CDCAE7A28D61A53255CB4B1EE177F13EE3CA06F3C0C77C94B307595D5AE650B4F42097652DAEAF8CA5BDC4334DB5008158D7C90CCB9C371B9FD061265472A9A0F3CF933CA29E94CD6D717651D1FF8D7F61BE7935F45C2BD2EABAA671EC73281FDF7FB31AE999400401E13968FA8ADEBBD36429EA13685E325AC2975E916A2597E440E02BFA21F9213D3F1C3C7F0EAC977E146BBFEF1D168C126E6C74E7F5BCD0CF6E361B93538E33BA2FADD502A256597CAAD88BE34921108D619E862F6A2BA8D0CB5837256092DBC034F258007A146EF3BC04E997638595280BA360E3D444D5D963C9280EE43416F0EBBBFDA4FE019106FEC20DD2133AEC53D4417DA8080608758CB351EAB7F644584FCFB8D468C7C963702DBD0C426EB13F453D47CAF92C960D3D10B7928E8E42ED654795BEDFEF71899EAB9FE6751B5FCEBFEFA2D07151F6CDD0A6506CA3974413C09E765F24259CF1098B5C3C02F047D10A2075A43EA53FF4B417D222A5240E827E2F7EE8BB1B4566C816B52B57E418B4A1CB182A0DE4722C7FD3C8E348546FA5A782C3980AD40A51F0B291881E200D9CA0BF3C5592222AE6D27BEAB34D900E8DC5407A42A08300829181999ED99BC52AC86CCCF7C0049B9AA320C303AE92BC684EED6E57647C42AA0ACD3E3389240C703AA7014612A4D488AA548588B58CA44928978A7ED0CFD85ECACA7DB818DA828CA69579181BC414E433F2C0DD15642DD47684B71689B1C2CBE5422B51200E41EA00827AB9AAA8E03C417895CBC8AC4CB25C62608116445D5E78633C8E8D3FCDE4F942F0BD8CF3593C256C063E11627CA15279C56293B63490CBB06666CE4DAEADB5B410063A771CCA09877462B5A1B3F66C51B1F53D17B94F59CA09EE756645261429D618CF417DE421B1F766326091B7EF3365EDF7CC2605A4201FC36632EB55165D1F266961CE195FAE08855E5289B4061314C4C320DB4833FF3D6F9D090AAFB0E93DB8E762977E42C05FA7F6A6C7FD5477E8AF09EF0546236AF5456D2908A5953854A728A05E327856FBF58B9A3DD2C6411052A10FD64F606FCA645F5196F182CF62CD5F98E8612045A41FB0F5F15584F16175D58CD23E0CDF429A5B512ECC9DBB48EF30F7D55FA89A4B78E58AF4A84FBDE4AE9F1E35FD0D5558C346A75F9F386874D621C039244DB3CC07F54895CAB5F84DE237234EEFAA740E7A0E9564B532E969B1CF01D7DF1F8198672110E3A9CDC64BAAE6B9865C45DCAF3518D7EF5DA1FEBCF7822E634589C4057EAE097B0F3444E179C87753E6F27919A93741D145927446151A51CF8147B6058F0DDABFA841658A392C6D8458CE5DDC31591AC87FE21A1A68B62BC88BFA93D916F188DCA45C40B24FDECB892723056CBF9156B7832DF2387A7A4B579F2D1E17D0B3F341DF354BDACF056DDC5C8C05C0B866F46AA3F0563058250BB4094A237B06D94EA1B6E3BAADCE682FAEC9FD1006629E15FE397F56F741B353EE997B56A5DD790FE313C417A5C4AC764BF9BA8A0AE3A569EA0D2AF4142F2BBDF44A7CDCF4D97AFE5701E0A5C10CE15BEA84B4B9219ED72FD314D71194067219D6AEEDBBCE369A03BE53C79F96C80EE5DAF34176239199FBAE3ED77F3B4E4301BFA544F40C243FDFD8D1AF1E1825135E84CEFBFBCB5C5CA4EBFF2EFE9D8B074932231B2B28B265642FB22F2451418C4478150AB5C3D34F4853D3F4C3D24C36F3120B13DF1C56F95E910D53329B21DDC67725BDEB840B269ED168A8984061D265E2218D4720612114A926AF42DACEF9562B2579EA67A33D259A22D6A26CA1AB275681EEC30AE693845969209761552ACD5610C692899596855CC50A1C52AA991E4E617F6714DAB8A6DFBF51842FA2F104D1E680FAD9988B55418C8406FDF06A93B1F4C32A77D1A12C1B125ABDA96FDF0BFA2DB0F946E5C10312F45588F732052DC5CB8ABA50E821979AD571BE1B7043F064C31B146C2BD18F771B85C58D0EC48DD10CC2D2357A0DE0B7E1D4072E023BB7DBB59E80AB2CE84007A0E867698A4E641FD2063A684843D55CBC0F8C23153CEFFA098FE25231A467646898EAD57AB73490CBB0B2C445CEF703D9542BBD5025C1D882F63A89EE6EA5125F145F7BA69EEE0F6BFA29D040006470F166F3B88136F1B1FAF9AAEF435814CF607DB6C76A9C6F8CE746B9C09FCC3E516074BEB966AB4395ED0DB49EA33CAE0D90FB036F941443CDA698DECBF6F867002B00D9A3CC7A711FCF9D2A32489BBD4EC1B1323EC52DF3D7813DB2A08FEB44140F2193600A1DCBA09DCE3AFB04D810A3E4A250C75343DF181CB86EEE0DC35360BCB41845B5480CA4D168B44B03B90C6BB036D0823899EE7B158076B9B24D51844B45683AF7FD1E1EC81759293D2E371983EB53354C1F8DF7C5123DD8A5BE9B788EB288E93F8512FF72920DA5FDE8E6E2F0854C1FA057F8C8AD7A26B9B3451F86ED67CC7E58D0EAE8627263718D728E0087D9427DCE6ECA906D7C0EC6F7A7181FFEF096967A48B7470CCE9DF74085ABCC7DBD6453AF8D200EFF41A0F1CCA9C263186A77622F0D04E4D3E6C3C85F725C8B697478941AD55A69209763EDDCB1FDECD0E0C0865681742169160532983DE968CBA86839D5A37223D3045D28A4278D1749EB677D9C9FEDE10D41B25E5E8AB4D87BCEB94DC09836C411FCCBC8B4A74C0B971B0054A53D055B783A7C05F49250C7B09922D169C8CBF2E4925DFB6140BAD9C0D71B34196FE9A0D7E47D676A9E03EAFBC0DE6841CF88E46F2293767BDD8A66E3A47F2350ED2BCC5141DF8733FDCABB158A8DF69F443237C4AA5884284C06D4E110ADD3DB505F11B680BFA66AB346DBB76DFBD5E181A1D5D2402EC39A1C9F9CA9371B7F2E7B2AF7733842FDE0BB6C21ADAE95933CF2BDD992BFF245A9227450D500E78B54C554282FE913F8F3DEFAE0C36C8ADDFBABB000E38511B4FF039B0A6DA6B610B496D4AD8FDD0DF98D0A8D29D0EB23395145CE33701BFCABC03C3B39F603BC8717ACF32779E429F5B9272B23C6427A167A5541A17872113057D950C51EBAC961E89D2494B028174DAF5C0AAA8805A1C10B65C624D354AFB27FB5C14C2898D250154ABA3DF4C4C5D58EA1566713AB2DF0E7175FE0E0E020EDDBB1FFC4F8E0D6B2507839D6BEC97DAD4AAD91481C2F437234A9893818B33DD6DA18A3865EB8509B5141FD287847B8C1A27E9BFB4E3AA321996C905CEE5AEE4F7DCD26D942EEF6A2B047EA15CE275425F250B529E08F44FACDB5034F3A2B84E69EF77B3690D685AC900962555CF7582970457BD2462876294BA0B251C5165C45EC946F9679FD2EF4D5635A9624039C2BDA3BFAB51C2404224CC8020D277252AFE8B4233610A8882522982DE192D0F88D7C9660F44A8315DEB750D6B423330FD40B47C88219EDF18726D92A244A7BA4E01E2272C280D0906D6C708C768EEE395FD6412EA717199998C1FCBB347754E47B1196E026B43A4604CC545D07539722DE3446C614E0A6495EDF250228C5D9FB8C932B06DC58E7ABF4665373EAB3BB0A9F1BA248314CF47AB520E8FA64C80272AB57C1D019ED4751AAB96218F3F72E9685AEC8566986C9064AD00C7D4D279143C0A9DA880B65E6A2740DFA262E01F490270D55BF0BC340214F64B35CBA0111268930039E2ECAA4B9304B9CAFAA07CAEE85487604CA4E249AC26105EA25A1901621949124B9846AD24445BE3E94430320A2F1D12DD46C365AA5815CC6B5677CD799B1E1315FF1CE75D3B26F6FB51CAD2C7BE9D0AA68614AEF4528999648C4DD2462B791648CFAC5C47E666B13CE0836EB4C6D320C672EFA78CC26D06973DBA7B63BEFBD8ADF521AB9522F625148CF3DC8771EB06E9613FD616ED4461D5D7853BE9D163DED681AEB21138596E2507F3BF7BC29F4CCC0C3E569A22C686824F12FADC3738888432E1E23F2CD5399786227273F0C44AAEA62EC918E8490D9EB9006CA85FA23A44CFEF9EA7A46AB2BB99C6368B232C146F83838D8A49D133BFFC7F191F1F9D2402EE33AB8EFE0D37B26F7A81C55918807E58E43AC953576E93DE3E509232132065EFD1D21556C34FC0ADCC6B8B33C7F96884841C5D8F4EF02093FF7A4DFC86EE53E2D7C515DDBB3F0ACFF7E2CD4162DB419CF76EDB75D1429E41FA2CDB710122D54E4ADE00292700A231F7AD96608E5845A23FCAA2C176DAC08D7133B1197C3FC9476B7E88B27F9B914509104F1498814D41D681AFBCFDD429FD787B0F05A3293A4AAF41D84AFF0E8BD9E540B35B04506C38BBE8C6F19A5EBAFBEFEA93D933BDBA5815CC675FDD5371CDEBD63D74744CC50349C0A9E3709209C5BE19B9944B249E4A48460009F9219C7D432DE40A0B9950C18E46E0A032948E7BA4FADAFF8DAE7549F2F0EAE3C16B03E7D6AF28B46116891C048E8850F15F8230A7D5260A32BB6EFA5CCF7640E7FAF3BE5A9E5FE3199DDC03469A2E3A5D16FDFEF5AF7347B8076CC3434DA0F251EA12B037D7CF8176AC787281383C18BC8338DBCEE957FF7A21AA912AA8869A1605289B426137038064EDA321F58785EF28C06D108483532DEBA75820E5E7DFDD37405AE17B481DC7AE096B3933B77CCC83FD2407B3C9467C72EDDD2857927DE2482F019C49BA358041EA0228850C7220CF0F304B1A17AA9EDA7478BADA6DF098A89E2C58E78AE81F82ABC5491ADF15573EB7148E065AF8DD03724BC8AF4B4EE97E129780EF3EB7B30C1BE3B482F76B8D5CABFF46378230338CF322B0D4B45E6AD6000006F689154DF31C64040F9D1154A26C5BC155F9F111546E09354D09456FBC977685A6DF682B07525F2FDEB3661EF41B4B04CB4DED634B6097D4F14C2AD4644BB77EDFBBDBD937BA74A03793EB2597BAE3A5919AA90EB6512B208A4C028E775CCC243BA17935E53069A19553012D95494F384EE0B49AF6A7314C222708DA428EC2BBD9AE1DAF01A17B34FCDB3429C0D8A7CEE7C5DC66DFAC9A61A4424036D36F3B93634B58CD93C0BE4D251485E8C9DF66C6478063CA774350ADB4069E88557C38802BC5E92F4D8C3F4F89A2269154E447E3417051401EE56A92712224AB1557BD2938CFCEB286BD77AD1EC8A28AA2AD6C1F86764BA16562D2DAD5A01E8182B27EF4C938534BE7D2BDD78DD4B0E5DB7EBDAC5D2409E8775E3EEEB9EBEEDE65BA559071E40F223BC0351A89B5974747A49291618FE82B006C265980C2B9917A349607CE5454E3FDFCCDF32FD89B51B26F26CB9F5EF92C5F25D256ED31428A5B6A8B6548CA9B3BE7BD01505C8225BB619DB5C3A04F16DADB98E8733D4AFA0B7D38CBA5EB05B7089148B34C327239F8D2612C0D25516BB6A10077DDA7B41E6C4F3850CF60D75A02D6C9516239E18C516F1CE197B0F2BF23E6154686D5569B1458A6968437D1173216120BB2676D3ADD7BDF451BA42D70BDE406EBBE6258FDF79F08EFF9E40718B35CC08332D362C31483F365D13A10670822A31BC4C1B494FED0D27C4D489A4487132663E3C115E5331F7C3A77E4D7FC7164269CF85C945E8A29B5E4FE42028784781577ACF2573156834D48FD8FA68C56D5635092EB9A5B0D03F8864ACB3B29A8187D6D9B3A22E8399E75025B1B92720FAA9B64E40B3F6906B5BB0A6A7D18D8894ADB24A9C4CA6C2E52432FC870DCDAB9A08F920573D2DA4E1302E1AC6216328B2945AED8C16577299030FF56A5391B6449D89C87FDDBF77FFEF5DB5FDAAA9D2409EA7B57BE735CB37DD7AEB238D89418ADA1A12E4152B62D629C7BE538C50E657446A8062FE7E88EA359F7001DFA05A0A605FA12CD0694A09872169AF2A2CDCCC645EC686B7156F1ED1C4F6A9CEC28B14D36C4DE015407C8760E6FC242B2FFED6A78C4B26080A260A64FBCD57C54C0FB3397C339B02BA8BB35AFD0E8E4D444C987B080631BF5E4B045474CA56D2E5379C608435BF9F30EB4FB3157C4010B2E063820179B356C13853C167793129CB4FD5259FBD4AF8438042644A4AD3893C4152E61E5A12CF115733518047F76092C734BB90D3DCA29354B3D2D63CD78C3DDBE4CEAD74E72DB73F70E3BE8333A5813C9FD9AC1B6E3AFCEA3B5E45C11AE4F8F926C340300E81F7EDF26242874F185A6D1B99B45AE120B95AA9F149A8694C2B230172C9D808B5A21B683E9F724FDA504F5370A9B4C7A7E8E9D6F1C9FD6C97F338C443FD3EA5C30BD3657EDA139AA442B3A1E9F69C8FBCAFC8F8BDB4B12E4A7B692898879A48F29ABF6009639C413BD57A90CC6887C9873A6D37ED6146A293BE15283A22FC0C8D2ABEA8B18782A32400F5ADB4202D763A4EFBF683FE781D2D7CB2F10DC4C6CF0C51E189F5B6A3B34BECC5D6BD6DC3B87D8B33BCD22DD7BF845E7ED3ED0FD215BCAE0803B97672FFB1B7BEEA4DBF501D68E8782F2827826CC72142D2B3F4C47143E766652C8CCC3AAF3146C9F826772290EF123E0973C9CEE0BE75314724575E51E8D9B5999FC4149A423E2EE883EA2229AC55701131DD54C7786E84147820FEBDCA80669336C4B3677C149B9F0AC263FF297209E952D21E92015C1F23E215DECC5D88404499100903190E94094602B3B6D3D6D07170C88F66F33D28914F884198414662DB58FB4112343B21D16145783AF545C39043D7A892513D0AD4AB30C64BD8001796329A5EF6ED1FC50462A7DEBB3134402FBBE98EFFFAEAEDD71C2B0DE4795E5B0727EC0D37DEFAC4FEDB0E50EC2AE4D6550DB182589CDFC1E26A4E474FE7B4BA1CD0301B48A3DAA3C13A9AA5AB32A7D0E48197EFCFE5945D6B5B89A943A92DA4E475E074AF9A0DB6AF3653B93E95C479EF11B87EFBE8C674363FB35CC63187B42953F583C0852FD86DEE6B2992D066E3E78E31453770A2A68E8268B78BB98318081A535574762DF44D180B441C266512460263408F0B2DBF8E30C7A3E7F156DCA7A000CBA416B3DC3135CA4A635948BEC3B6283AC64EA609C798641B57A5C6D4EAE434BD14F367EE54B932F40274FC1C111BDC8103D7B0F778D57D935B76764B03F9112C149ADEFE636FFDAD2D0383446DADFE26BCE121278ACD7E78CAD1C969D57818AAF3691793C4E5B2B9031D3D80531833F6BAA96A5A890A39B23DB9CAD484616128C227F185C1A2E737EC67BD02DAC017CE4F895542A3F329DE8DF6DC4BA9915F7C1B0A8FE22EBA4DF05D9867820DDCCB736A271579DDC80FEAC9F83ADBBD5C0A80DD5C47A6D56B390D3574BA569E2702DC057AE4E4F58303D1D245EAB7DD33920207C952A64309418584861207110D0280434E294C453572AE45746A3E956A3952C6E80AD30147FCD76A8D5E76F36DFFFBADD7DDF2285DE1EB8A31909D63DBBAAFBFE3EE2F6F3FB0FBCB72AEAD5B19EC290A80959816D7037A848D646A36A3C186A566339094248E7B89D1F9468BEC286F00305885EC880D1619A9781759212A3853C5E9DE2FE9797E9617A1335E0964730F49E074B45A580C00BD9455B4C5FA22A831177F153FCB3874420F06B4A1413204970A5EC5719884C631D03C3ABD5078CA2929C61888436AA2A097D7C40B49DEC0A826B188DAE13D7178D6ED269424D80D9157A70F94B9C0CF8149C20318AB005E49DE95F06B813DF0F10B19AD2EEAC8056D28608FD4554ACDDE3D93F4E32FBFE72B7BB7EF699506F2235C77BDECAEC3EFBAE73D9FDCB97327D9353FB013C81531381F8BC74F5BBAFF4848CB9D90461A098705D8A491F43548F5C2679490EE456AB897EBE60B69A333B0AF8C15B88B86E650BF02AFA3920BD5A0626C42D1C918E968C24B5ECE638D8243759174226D74325AA1B123FDEAD8C08D8451D2ECC43FEBA43A554B37B78A7637AB213562E0858CBF1887991A879ADA292886455AF7E8B25121AD0B26B086867E126FAEF31921F63D5013061CD538BC438BC1C9194367A69D0CF194D0CAA7A05D87A8596FD22B6F7FC5BFBEEBD6BBFE8E5E042BB8D22EF8BD3FFED37F7ED7AB5EFBBB952AC7D14B4EBBDB2817A66AAFE5E8D0B1801E3C06E099D3F860C4465295942C406AA6FB4732483831D7BB4E86C02054094DE005E8545BF7D989A5BE9A6F5054C337AB986C883F879E4E7EE983718A5497DD3012BAB8694B66140691E88CA0EF1B1BBA97229C8AA9D58B65EC5B2E382593745433E290A8CE9F4BAC1D9341D89551BF2E57963366C2C303A2077DB515887CAA3644659E7A62456D11616AA3A9033D51B377FCE6CECD0574EA2C1BE67A248A96450F0E75F4FD1EB8E6FA2FBDFD753FF51F768D4F764B03F987C868EDBD76F12D6F7CF3676F78C941C12284061D8C1D803074C5D02A1BCDFD4F3A3A7A36A41A9FA2DB46F8548B55EE1F19191328BDBBD736B4D641B3908607417170F7C329EA4B7816A267C2B60FDDA69A86861481CF7D1522D1C63C97AAF2FD41BADBD427BF01D237944C2C55511D670C85E2E8525B6587D059090F200333432B696654C447AA11357853E710A7C3642ED135EEF0C657239391A2FCD45DDED4ED0419AB40B52E72BF25302A2E4E69A0CE003FB6EAB9F8511778CB1F3E9DD3D2820C036148E7A545119EB62C0D8D0DD1DD3FF6DAAFBEE3D53FF5A2F01E57A48160BDE915AFFFF25BEE79DB7F156E6F70DCCBDE000533340F455A419E5B70F41F1FCD688AEFE8C04087B68C5AAD0DE03415929D9ECA90A869A375B7A0A317358EFE209A4DF39CBC4C89C8086D020B66931E9052382E8D7EB8210CE15B608DF67E6F7C997EBA59B886EC0197928C66F87A57399C42D1D3665DE92CC494B38843C6AAAD499B6F3DEA49EB2C300438052EAB5118C3585215E9163A09E3B0F5CC4FE7CAE4BD0716C0BF4671D4A08141C3E195D52E44E9C634747C26A3730B6C941D10BFF8996368245B49BDE38D5F7FE0E0E7EEBAE335DFA417D1BA220D647C7832FBE9BB7FFACF7FFEB5EFFED7B29BD69D90F5A4621E9324E6CF7328F0CD27423A3F4B0CDA431AC2C01DA7A31444C82DC2242A3E41D74389ABF3A0A7D368511187E83452A06921F0A65569A9BC63DEBA9F5C158ABC41AA6A8E3690C13191575417DD28F76C2F61FB3479A18E84BAF965CF66A100EB505A6349AADE4820206683B0F61A6FC2B9650E89567913E755B9563CB616E54252CC20EACDC6B1A5C17FD62A4A55CF748433918A5C837492B0876BB131B5D7F8EF6C30994896FAD70E301B3DA17AC5CA905354CBF3884338BEA6D979A21347026AB5F94D568DF6DF588C95AE89F7D83ABE8DDE71D73BFFFAADAF7EC78BCA40C2DFF99DDFB9222F7C727C72756C6CF4DCE9F9D31327CF9CBA414EB158538E30848C4387E56592306A60C0B117D1983B4BD14C55D5BE7236963CD4B0A959ADF2062F06E1449EBE8EF83DEC4F5452666B2ECD496DD1E5F5D47251E50CA9CA6076B0EA84EA2E22DAB610082DC2A6B01F3E05458FBB17BF76A1867081CE1160030B646639BAFA3094747E9137E9921522A1A492E5D702291E427C0795F2916646D581D0132773D9C4109F869ABDD4490CBA08D1FD1708FE02D3195AC255E95BD123A056251AA96714570306E53A78677AD9D023CF64347721928E43B1603C0600642D9703E9CD6F78F3877EF15DBFF0A73BB7EE5C7A31194874255FFC5D2F7FDD13FF7C7DF5034B6B9D91479EB8EFF5C024AEEE8047E5844F391C397C52DB486F3B6869B4160AD00421CF46CAC3420D60958DA8C91BB239985345FAAF63C12A451AB91081C30642DD40A7C9FADE103F510A3C90887C2C2F6159A093A836817157CC12F4F41409CFD060B58983954AD51C95ED903106662E661CD28434BF6C45730AC611FA0955328E19C6C6F8A3C9A07CA8CE460F9C9579D1B8021B15709F3774BB83B012B8857D94EDF9791E2AB60D91EDE1A14086A3567D36EE3C8754878E389A3AA734F7D0535084C7857A496AE9E69B6EA69FF9C9F7FCC51DD7DF71825E64EB8AF520C5BAEEAA03672AF5C6CAA9F9535BE76667F6E71C5B383463842427394297F915A8A03806AEE81347C89C8BBE56801D9029C8C42988100513A88242AF10C444EB2BE64E474A0BD397F75E2741264C29EC22E8C8BF55E75D3558D15E1057CCE8DB94B655FE97ED2BFEC8A3BC941141FC8037755B6A1A21F5BA18679DD07ACFD1CA6ACC1E2B97EE3FB4B8E2DA20CE00E3007976A08A91D82049A20D402579C48B587D27A8FD20B5BDC6007FA59B2B8BC0406CA12B9C2ED4881A71446303869A48E9A20B91BF37B716D0E3C72C1D39E184256C2A59512FF5949F8026B64FD02FFF937FF6ABEFB9E7DD9F6C549BAE349017E07AE9819B9FA955A295A9E9A33BE7E616F7BA0C7791838FD8CFCFE09BB9C2586315CC57B49582ACE7897F8197C784D70938DEAEC47C4AC6DA3B91E5CAD28DD188E57F5792C406A779C45FA63F6E01454250C19B55B3513CE317DEE05E79991FA1B1A8B2A1139A642A0D4F498F3D5E9A4BA5BF9D18D5DDE210707D1DF803523B5E2F57C9B518F8260D6443FC96C6EA2155AA6079A4C283D2E935914F1C68327A8D43AA95B6939E1823E156AAB2A1E4A4A03A3810F1B5F37BCB127EDD9C163B553A749C81F9542ECD5321E33850DC81ADA4B1970D78A4B985DEF6C6B7FCDFBFF2BE5FF9F09EF1BDEBF4225C2F0A03C1BAF5C04B9FA956E3D5C3670EEF5D9899DB251925E92EB4122B041CEEB4DB092DAD59115B039FA9C21BAECA7B24E7706A2DAF8864632DCC18E46A6609A1441469CF87E50D85DF7361A0C2072003A240976B0D03A1CF401D999F4038501B1369BDB0B6A7B8E7FE0B9AB7A08C889E2DE821A0C024FEA4F68A8BDD24A2B5758451CA360EF4A224FB065DDC0683E951F11C4E35C0021597CE64EA1658BAFC5E13D44B2A7C40648269E0390215F3A24A165103D86598714815CD58A9C8F9ACB40D3D31E5E899338E3A6C586145C5E3D08F13F0E764DBFCBBECBA5E79DB1DF4EBEFFBB5DFBCE3E09DC7E845BAA217D39BF9A76F7FFFA796565B031FCC3F78E7C92353BCD97A14F0E98ACD820E3B03BCC138A577CE305025DABDD5D044A8717ACE9E651931359FAA297FAF59573E1480769079059150B59E02684381FA1D5A2FF6A0CCBE20F29AB7425701008E74AA2CD00B86FB582B529EC0020885329969120A8ED10134018769A1847C08AD101275C1EFCA356B54884AC4420161BC500FC5DB8980838D392CC275A44277713695B0AACD46B0B696480D4505DF1550C16CA37ACA0646921A863341FBECB9A5901E3B99D3E9D3197B24FE6645C5BAD1B22BBDFEDD4CF85637DE703DBDF727DF4B375FF78A877155F317E622CB0065627C8B2D0DE405BC7EFAD5EFFA14EF813FFE93CF7F8C1E7BF211B21DDE85A09CF049E940498262472BA719F0997A44CBED80768C38AAA1B016C4B4D20A454C6DB0E9539D46C72E40FC2C8CF1B38C3771412D71DAB187FE0EC4F9BC91D1FE1AA2B517DEC517C6619CA2A82286E035EBAC95302E704A84846106A2DC9833BEC1752153667D762994E208429C982D15D7D6A845D2972E6449E30B9DF0103198BA89D06B109EADA2A86837920608EA62FEFD268764F501368E5A956DC00AC9F1D43CD1630CB3CF4F1B69800A646C9CBF3EE89221E597A7B47BFF1EFAA9D7BC835E75E02E4AD7F3CAB10B2707904FE603C2F67A9DAC56A975B76E1DB7A581BC00D6ECC202DF954E856F3087FE916DD49ADD77DCF976DE0043F4C9E14FD2030FDF4F8B4B4BF24E4D1DEF587100349F96161814B7510B71B495C38C4106A9350E3540E52064B21A56BAE73016193806210B8668A2BF3B13613548EE181159C386842EAD0CB5B43AC304D474E3744E623122BA90FA952C821F33807A0AA31FE9925CEBA6B4D281B09B3289E194ACA46335CD3C500B696840671E267041C89D09A6C9548F18FC2ABE9E75F63EAD36FF0E268C221B67541AB5C607C5101F14C30D36E486764F2EAC1A3ACD46F1F4194BE766B5900856820B8D2F2092686FC1A2B7EF9EA077BEF66DF4BA5BDFC0874D48E7CF9DEC8892635D3B296BA64A36B2A3A75BE7ADA9D92CAC06D98EB11D4969203FE2756176364AB32472368B9276B28613BACBA7FB3CEFCC4658A59FB8E98D34D418A189FA16FAC6435FA373F3172863CFE16A990C4C17913948E0B4333AC5A7F5F25A852646521ADB92D3408371008724F02AF550B3583D95F9A08A89C55390536D2ABC2ED43CF05BE8C893CAB8B06503C12B853450583447192592A33EA1125FAA171CF27577323065B5EEA1E3DB3554934A3B839C660D61159B52E884BE2E530C4C4F8DD0E8ACC1F51EE3A94E44ADAED18C56A8DE278A8D74058E31461A6D468CAD941A3FBB9CD0D1F3111D3BE554193152406EC165819A091215EC852AC8724D6EA377BEE64DF4C6DBDF4C8DEA309D9F3FC7DEB0CD21DD2063137EBD4A248D563D6397826A2424507E6B5BCEB5CF741B613D1BDD3E7EC5198AB9D2062BCECDCD05599645699256922C59EBB92EE5BD946F289F921C36251C9FF4F884AF0E5445A4797AE60C7DFD91AFD2571EFE2A1D3B7186C3972E3914BA2AAAB62E457070F4B20A6F02368E6143A3C344E323196D1B0D687C580D25F0BD1F620C1C8A99905FA797D10A9FBEE8A58077D93A12D36055372AE27F6C70D03B9CAB787DA9542823D07C04E0064D5D8C477A3CD873B402C93609670CD6931AC115111B479D8DB6D94CA88ABE73B068F9395556B5A7757E170AA85F6AF7A8DBF6B3E065B295AABD4448050F54683842B53EA3553680F3D3111D3DEDE8C40C03F89E93BA0F4A37288EE6FCA104C0477C88A062BE7B721FBDE9356FA6D7BFF2F53436304AEDD5167F6E8A77200410841856CAE15AA522EF0DC90D7CE1DF31877DFCF741FE33E3AF646262C29606F27C8453B3B3621C4992F4D840384C4A64245B976F5437EDF0579B92BCCB6013EA0C5029C7861DA35EB6CEC0F341FA127B92878F3E4E8BEC4D9042E568805C450515C23CD4EF015AF3F7061B018D0C59BA6A32A07DDB1D0DD6ACB4AC3AF64EB6CDAF0B4541BECDADB5985AAD985095181F3334D210C8AFF24272B2E7027271CA478176C12332429B2CEF28E13A65ED944F7C8C228829454BB00076D5F8425DA2D1ECD04055E4A8E57925A3049A8A8BC5E0908E5EE7B7BCC6780A6DB315BC2E3F0F86C857F87D0C5503DA5283E8482EFCCE0B2B6C1467481ACC565741B541E3BA53D5182F9D2A2C809656F7AFBBFA00DD73C79BE8F5B7BC8AC607B6508BC3AD56CA9E0B193FA733D2256864C3F2C6D0FFB35AE1F7588925A50C03E2EF35D968926DDBB665A5815CC6353D3D5D11CF91A6EBC0006C247C82278C19413AECB1D7E8714CDE15291AE91294FB8D53ACC61EA0CA1B2BA5D30B53F4E88947E9BE43F7D393C79EA2169F825255ABB98D60D38F0C93D9E07C12361A39EDDCC686B23DA0EDC3488B86C25782CC299B092DB307595886A45042DBD84086AA780A10230399C024020D32A62C15B91EC3273F803E3C18C85B48F1AEF2EE460B2B0C30F22212700EE235788357C39E00F8103CB05C470EA0070686D715DA3E1B07D2C4F8367B2ED87C03CD524D47F5C15CA8244197C32EC65BCFCCA774F41CD1CA021AAC324D6183955BF19808EA93B0FCAE8E4DBBE5DA9BE99E57BE81EEBCF14E3E6C4684C2C3A793EA65C9F029BE66C64AA2C5EBC99B9BBDC7260FD2FF3BFFD98437D9BE7D7B521AC865320E36880A1BC61A8CA3309084FFECF166CB396CCA64C89E55F164C4C3E8FC8B403349A532DE8C9A1C8747D4EEB4F8E43C490F3CF320DDFFCC4374E4EC71C6261DA549C148A06212E8B800299890F6438C3030DE361AD3E44848A31C7E8DD619D45779B3F0C6985DE7CDC66E61EB2063843010E260CF8B3704D8D452954F3DD524525543B420759C64D15613AB230360AB0124832C1B8763E30C648C82C9944C292DC1592CAAEC506D41EB70BBC31EB4ABCCE398C3A82603EF3A1B471DA1141B51C29B7789BDDCF48590F1065FEB624AAB6BA4CA28C2A922F9AC90C2463356DED3B073706484EE3CF8327AD3CBEFA19B0EDEC258AC429DD54C0AA39949346920F59D623EFC0643B99809E98D413D897A8FFEF7F8CF4178921D3B5ED800FE056F20172E5C88BC71ACC3280AE3486120EC2D7AF2F79E780D4FACE8CF7DD5A133B9D6321C681A31352B75C61A31CDADCDD3A35387E8FEA7BF43878F3E492BCBCBBC595724F6960453548C590E753C1928291CD10C332E191AE09085C396DD63190D0EF226E5E7EEF26B6C1D240E6522190FD073182A13ABFEAFB35E2FAA98491BCAA8B27506BFADAE8E60AE48EB2FD2B77CFAF3698ED986187186AE3DE3EA7C5AA3969149F5BE9DF0EB218D9C18E9AA44E8D660B751431A9B8D191B113CAE85D59CE6E703BA301FD385161B33F2C7B91FBC15293D3FCF9575AC231D38EAAB3768CFB6FD74FB4DB7D14FDC7C171DD87D40B2596B2BABF2198800365A8A511C45231742C430962C997891CD5568B6E8C273C040367B12FF25E1D6E4E464561AC8DF13907BE3E8F4BD86FFD27FF7185C76A9CB201D23A375C8642E5476843318E882D83F00A816EDD99EF694576A1C76D4F9E6867CBA2ED013A79EA0C7A69EA0274E1FA273B367A9DDEEEAFC43E437515BC07FE02ED9D48FB6AC4AB16D6C38A3ADA32AA60035C5EDE3016D63A08E22237AC533685971DC0FA16765ED062210D1E2CDDAC208825CE75957D0A014616A6FC65EC3E8D836491EE492EA0DA28A4CF76D318007270B750DA37A6FF2DAD52AE6B163CE6044CB6B3D06FA96E63964BBC061D4CA424439B4AEEAA92AC407AA086F7C064E44E1A4D81FD2D0D018BDE4AA1BE9276E792DBDF4EADBD9534EB0A1ADD37A6B45BA2503140D41A1772AE90A157D2B23DFFCC4FA4DB31D51E78181E0EF85816C0AB1E44FFFF73AC2AD172A2679C11B48AFD7CB0B83D86C24FC7DFE378650F26D62C0AE9AB391082F5897F6F56B85752BA0D789A0732ECD52B99CE6B5800D25AE11C37D5A5A5FA1A9D9E3F4F8F1C7E8B1E387F8EFA738665FE578DCE9DC3E52FE93AA37A3494862133F97D0C9B4A5B12162108B3A85A181A6D61BEA6C20C303A18C67E88030C88078BD8DBDC01B84CDAD5E85FA4848B508A18815E6316A34C6772876332BD474A47ED35C35B3A043AC8A2DA8BF84B4DE51092008C52DAFC330B44A1F795C9509EF12749B5846D33990BFD0660BF1BD401900D7ECB8965E7BD3EBE8D507EEA4AB26F74ADFCC7A864404D41A1513896C2BB26E081351740C95FF15DAEFDE2456E887C1109E6D209BF1097FC52F542F72C518C8B38D040602909E303205372A178EAE760E4AC558C26B231AB4C5F83127BFE1FA539748747A11925478AFF34D74200AAED1F1B9537478EA293A31739C8E5F3849272F9C22BB9ED145BAD668668A8B91D246007DE0E92C28B255D9138CB1D1546A01D59A6C048D8AA493F9CD88144F0C9CD0842141959E0D38F15D8C68D8CA543254C4DFD8103B6C0009B207306EE92D47B132932137F044AD3536A496CE2A47F8D693D6935CD557BC484518B3F7C2D8835CA701E3CDC40DC2604DBA7ECFED74E735AFA01BAFDA4F03834D7ECD5406DEE67EEC36FA4EF2C037DC14C34AAD52665C983F67A67C319EBAD85B85811461D66603F1D8E4056B205742A110F5EFCE77B56E4F5C9571633EEBA4BDE4990A378B644EA8E396C1519246A848E669A05F5B346911B2A41D0A621D29D0688CD0CD7BB7D035DBAFA7F9D5699A6203397A768A4E9C3B49A767A7686E719A63797D9CCE41F04A9B7CFAE702F2F5C8EEAE395A4725DA930F43910405872B60A3B0C2E34268548DB4C26EA5ED89E46487442A86847611DFE365121DCA83833FCD1553B9CC891A6286FE0C4928688201CD4CE08A39A82C424112711447967927EF2B68D7071B74D5CE7D74EB3537D34DBB6EA4EB77DF4C231C5EA52E614FD5D3110F18ED2606C6588343C58A654F2BA44D9DBD22137F23AFEDABE3872F328A67875C41103CC7908C312FF8CDF78207E9E7CF9F4706AB7731F6D8F87B06A02ED3EB8B0FBC904824DF94147B55F38C4381500C44DA6945A1504F532BCAE64A518700443D6E72D85313034A79C3B4DA6D3ABF3043C7CF1EA553336C24AD793ABF749EE617E6686D759D126CAAA2BFB6289E3BF2EDBFD1C635E17762E56DE15BA1E088507B4CA42F9CA44B0F05495CA32895C8F8E6408A9A596ED5C58874BCDFF045F6ADD04185174BFC7C0E2F200FFA7D5CA9D2C8C828ED1EDF45D7EDBC8E6EDC7F031DDC773D8D37C64418AE9D75A9D5EB4892221249F7508C0FC9858AFDFFD93BD7A636AE180CCB5730188C1B1CD2A46D26FDD02F9DFEFF1F448790A4C4ACF19DBDF4483A5ACBCB3A974E668AE17D6776D6760C0EEBF3ACA4737424B5B8D237B8214965B1A8B74E1C5A0C5205445C328EAF8295380CD793CFB6566216255891836041D2C7BA78B817B358C19D6248824B9C6EB9580A482A8F75557AD3A13693A69FBAF34F69215D6023B51475EE805D8B22964DE4C0F7E0E05012153926B85FDE87007E4637AB8F74F9FE32C07249973757F47EFC8192494293E436589745706578062BC0D549AD6B82EB02EACE396D6A97DAF06835B6DFD768B86AA479B97DB788CD422936AA2163847959B72469B173DCA5D3C109FD327A43AF5E5CD09B8BB7F4E7EBBFE8F7976FE9B87F2453BBEB744D77D3A9CC40F1C095149A4CD747C8763D6AD5889853566CDDFDEDFAF9EBC95078F78A5D2906C4AF89F039BCF6E8170DF76A1D240C7A5907612096CBA536850920F06306258FD38C368BA2ADC7686BF0D799750FC8A626AFFEAE2C76D7E52FB7D7D32962EE083B5BCC83AB1606D732A1BF3F5DD2D5C7F774FDF99A3EDC7EA29B24A1643EA6BBD59816B3F07F9DF08266B6993408EE5DDACC6223DDA2EC8E60837C33DADC6BA9159C56378C2724A4CBEE5AEBE976DB5A3BB73B3CA36177483F0D46341A5DD0BB97BFD21FAFDED1CFE1F151EF884E3AA772E398DCCF6815AE1BFF7D36DBE4DD21BE1679FEF0A65E07885D67690D17AFA19FE2B5C3D6432CF504EB203FD8D5B295F46D174B2D083F3748ECCBB52FAEEAF356813140AA034312FD68D31BDD7EBED93A90695F0EB479A314AF8C2F421C335FCE6995ADE9F37442D7FF5CD1A7C91525777734BE4DE8763EA5D96A4E8BF09EC52A0CCE742541F06C3DA52CDDE15D784062392E06F4F0E058EBE51EF7C3F343399F1C9FD0A07F4ABF0D5FD3C5E0359D9F8FE8F4F48CFADD13EAB703D8DD10ECE72B4A4370CF6B2769ACC268D7C82CB0C50A7663F85ADC50377EF83D6E1A77EB710484F3B21E3D1C7B0508EBFAFA9A01E175113E27DEE5F2C0F0615F78DD5D6FD76B551F7A1750929AC1C988A435B2648192532E784F47B895F3B4F362BE900D5B9CFEB2E0633DA3BBC5946EA7C1159B0558164B5A85C13A9927345FDDC59D87115852972BA7CD67CA8267C63962277476329038E1FC6C109EF7256BB91F8E5EA747BD56878E0E7AB2E38F9A1AF0737105D9422C498DA904EEDCF7846F00FE8650B50AFEEFAEFEBB7FCD6E46FCFBECF05054D24DF626CD64EF00A95A138E4BCC72D861B03020769855F116E35BB4CB2DE376C9B9359F9152A514A7971B526D5E5B3FF396D72EC7E4BA273DD7E4CA6570CB78ABED3AE73490425ECBD27559CDB1FCACC2BE20FD79DE762BCD7978D075B4DDDA6137F8F59CF7143EA7D5D29E229934010AEFCE9771ABAECEAA7180CF31473B06F7B934F56C6CC1E19FF360F6F05463B5AA4BC650786B61F958CEAD12AB11DE97EF4BA2E2DE02C2E2CC5EB3260C4B38C6068905ED068C07659765A8BA08F583211699CEB5A542D9C4334E04F08C9AC6B4D25186F266477A76B03BD6B2A6CF8DD81AA155C4BD206D39AC8C6909876B0F2206A5A1EDDD38674BDC1F9E8DCB34BA970EB8B916B04B39E737B87945711FBB3668E0226DA239A33653BB74DF6A5AC5EC07D7C3DF4476C56F966F656054D3DB2D0609E701C71A7CEC539AFBDE035275BD38888FA0240C05FF5D068881C32E98C513767C0990873E7621D50653A903D1947DE69C67D56E696D2CF5DB159846CCBAE2D4126D726BBDCAB5449054578CD3CB5A81C4B92D755F89B93CD2A2410B5D177115DF5A2D300CB9B461C814C8A225E5EFB2664357D6A59C8F661258F5FA5D16D307E8763D2C98F76E944161B0440B320C8F79EF47CA53B8FB64319E24207EB62B06F2EDF00527168BD8B91AA378F7CB1FD5C16183C7FBDA3E6897DF216E565B7E67618328AEB19453B2F6BBA8E9DA4F7F7BBF74FDCCA600C933685C87B890B588D8F0A6D995CF2C24CE202DBD2EAD71B5C6970053ACF5DF1BDBF1477521CF2C84B950F6777BD7C90071FF36B04D518F3901F1D902E22D4AF8E26573159FD9150B8F6F7C5CE2213150ECB107C5FBDEE560DAAABCEE0655AC16129B576905C278977F18C7B45CBB83AF2B95749658C72B8FADA8736DFBC634E49229C6515137BC9C927675D6ADC53997B0964E5831AB8074C1D14360509875A803A3EECC2E54784FBE8FBB059F2D20BB66BF18960000839354E1E0C3A0D9058B9F42AEBA25F25A416592A4BCAF2CFC59D42CAC7D5F9A85EC6C8F335C56693E8F45EBAC6CA9C62C4D5DD52FB4F8B47EAC6B275DB10A554B6183DFA6B91D08760CD96DB2809BE1188D46F9531D3BCF02102F4E806448C2D13660F8718C59C675807888ECB977BBFCA1C33146D9254C9B95C0FF7ABD6DFAB7F06E5F24523BC33562E31E2AABF16E5B08FD777DAD25FBDCEB40F116249C5F300C1C4F30080C043F7FCA403C7B40BE040EC72E1E1C3E87EB33AE02E2E3163F3BF60014F75E6F71CA9496EFB8F67ED1B39C55A386F59D56EB224FB75D2603C45B083B3B40860C80416040F0F1D45C2600F283A792C3F52961314BC3AFC5C19F54DD2D0FCC2E40EA60A903A61A34D7CDB4F9C15FFD3907C230BE676BF0DB6B4FDD4D0220FF93C57196400032CBE3A64ACD0AC97BDC8F8FEB00D98E511E42E25EE3019F473864803B6872078881F0EC2D0100D943B00CAE2FC41DF92E8B823B3E00812000024100048200080401100802201004011008022010044020088040100081200002410004820008040110080220100401100802201004402008804010008120000241000482000804011008820008040110080220100440200880401000812000024100048200080401100882000804011008022010044020088040D0E3D4BF020C001B9F515B50C9FAB40000000049454E44AE426082,NULL),
 (11,'djkdsklfsdjf','dsjf','7000000000',0x89504E470D0A1A0A0000000D49484452000000C8000000C80806000000AD58AE9E0000001974455874536F6674776172650041646F626520496D616765526561647971C9653C00005F544944415478DAECBD079024E77526F8A5296FBADAFBEE71188C857784F720408046E44A0A2E29521457E29E281D4F71A7D3490A9955ECE94E11AB5885B48AD549A7A5BD907645502001C20C80F198C1CC601CC67BD333DDD3BEABBB5CDA7BEFFD9955D5034294A18801983F50D3DD65B2B22ADFFB9FFBDEF734DFF711AD6845EB072F3DFA0AA215AD4841A215AD4841A215AD4841A215AD4841A215AD4841A215AD4841A215AD4841A215AD4841A215AD4841A215AD68450A12AD68450A12AD68450A12AD68450A12AD68450A12AD68450A12AD68450A12AD68450A12AD68450A12AD68450A12AD68452B529068452B529068452B529068452B529068452B529068452B529068452B529068452B529068452B529068452B5A9182442B5A9182442B5A918244EB1A5FC74F1EEE397EFA54C7FBF1DCCDE8F245EB5F737DE3BBDF78EAB5D75F7DA4ADBD7DEA8B3FFBF35F5D73DDFACB918244EB277E9DBC74BAEDDB2FFFF74FFDF537BFFAF367769EBEAB7F6D2FD6AC59768614E46F220589D64FF4FAEF2FFFCDA35FFBEED73FB77FEFDECF5C9998849B73313E3B8D57B6BDF9C07D773CB4E9FAC1B563918244EB276EED3EB267D9DF3CF7AD4FBFFCFA86C78E9E3B72BFE7FA4012D0DA74D8550B7BDED8FCA5E76EBD79F7AF7F66ED5F470A12AD9F9875EEF2A9C2CB3B373EFAF72F7DE7635B776CFC4C69BC0A64003DADC38F7BF40C0D9EEDE2F2C5117C6FC3F79EB963DD2DBB1EBCE9C143918244EB03BF36EC78ED969736BDF0E16F7DEF5BFFF1CAD971204D8AD1AD41D70D68B60FD727E5304849121A6A968EA307F77D7CE3CE4D1B572D5975ACA7D0E3440A12AD0FE43A71E1780729C653DF78F69B9FDD7BF4C0A39E454A5020E53035189E06DB73A1C57CC894718B8D08FD92F73075790E5BDFDCF1278FDDFDC8ABA42047220589D6076EBDB2E57B77FFE5DF7DFDB32FBFFAD2972A56151E29829ED640FFC27334520607B1A406C7D4A1B38D703DF6B2E851BA2FEEE3C8E9A3D87F70DF4DF7DE705FA420D1FAE0AC23278F75FDCDEBDFFAF4F3DF7EEE63C78F9E7EB09CA45883630C3306CFB50187AC448CD4802C89B394E28F2CB959E71CBA19644974B8297A4E0E98383F8AADBBB73CF0C0DDF76D5BBFECE60B918244EB7DBD2E5C3E9B7F65E7CB8F3FF7D24B1FD9B977E7E7272F5F21C5A007B231651D2C1B2DE9247AFADBA1F52731DE3D83E9E40C34B21AA8F8F026E9E72CB95B2EC52609FA7BCAC15B47F6FFE2CE436FBD1C2948B4DEB76B626ACCDC7164F71D2F6E7CE9C98DAF6FF8EDE3C74F02A40F7A3BFD484214C324C7696D3C8B0F67FAB17CF9521CBB3985EFE7CE62F64C117AD585D746AE57B7076DDE8766C560246C09E42F5EB8842D3BB6DDF7D81D8FBEB2A467C942A420D17A5FADB78F1EEC7B79F38B4F7DE3A5BFFDCB836FED0358843BC9834A691278EB351DED7A1CB7A4DBF1D3B921FCB4D64172DF8D67CD24F618158C38E751F5E6811469542B2907C52858A0D7DA3A8C8C0F6BAA8AB70EECF9CA811307BE4D0AB22D529068BD2FD699B191FCE1A37B6EF8E6B7BFF6B997B6BCFAC5E2D8020CB216FA30C5166E8C8C860BD334B03493C047126DF87C7A35D625333028FE284ECC217DD646DF9A168CE4BB71617A1E9EED4800AF939278F3358A5502A923EF6C6A6A027B0EEFBEED63F77F2C5290685DFB6BFBDE6DABBEFAFC373EF7F2E6577F63EAE224CA6E0568A330C3D0E07236CAA9219D89E3914C3BBE901CC47DE456E5923168554955216B79189AB7717D3981E3993C304356C300B4560AD03B29681FB76168265CCD8596F4313337832D6F6EBB6FF71D3B9FBFFDD6BB4E450A12AD6B729D1839D9F6EC86677FEAB9179EFBD89123479E2E2ECCA9209C76791670183ED7F9B026DB8ECFE706F068A617CB63ED741F894FAD48AA1183474AA43B36BAA72C0C4F1B68E9EF4436D585F9855178BA0B9FDC2A2D4507A343F3B17DFAD526653A7DE6F44F1DB97CE2BF450A12AD6B6E8D4E8FC5B7EFD971F7775F79EE63AF6EDEF095D14B974522CC14D72BB870E1C9F356C7D378343F80C7B3C37824DE8994992209A700DCAE915224C82A90FBA4E922F5E9928FC15907FD03199CCBB4A15C9A80EF909BC5B10BBB5965F2B1388631E8F98687E2EC2CB6BDBDE39E0FDD74E7CE9583D74F460A12ADF77C8DCF4DE87B8EEDB9EDF5ED1B1F7E7DEBA63FDCB7673740DE14DA4966B9E0E7FA24BB26BA62597C2853C0D3D93E3C911B449F416E13DD0FCF82E79749CE3DF8669A04BE044D20571A62B686A1A28E5565136FA7D31831C80C395518591D769B037F964C47C9834ECFE54C58B556C1F63DDB7EE3C97B9E7A9114644BA420D17A4FD7A193877A36BCB1E1F16FBFFCEDAF6DDFBE5D60205A0BC507ED64313C927247472196C0F564353875FB7385D518CE76931214E9B132DD48E03D071AE3AB62A44C16B958311FA6C5CDA9F4D3F5D03397C4F5C514F21D796889243D675E2AE87E9ADDB524D7D3E19292F9FC968E8B8B17CEE1F8B953ABC6D74F6DEB6A6BF7220589D68F7D4DCE5E8EBF7168DF6DDFF8CE373EBB71C3CB5F9A9B22812F08FE03BAEF5310EEC12069584A02FD68B21F9F695F855B729D48D2E38E334316855D238D14C385AA005270EE91AF44AE9219404910732490372B2E0AC538BA7ADBD0992A60AA38891A2982CE0A9270953BA6D3CDA463D14BBC390B278E1FFC8BB1FBC69E2705B91C2948B47EAC6BE3CE576E7969EBA6475F78FD85FFFBDC91D328F955520E139A6F494DC325E11E30E3B82FD78F8FB6AEC07D850172AF6224EFE442D99CA1D244399416F8724CF9975E2CF76A9A72B72806D1FC38B9591EBAE73D0C58496493294C70BCE170E68A94A1CD83C681BAC5EE994A0258351727CF1DC7C8F8C8C00DCBD6460A12AD1FCFDA7766EFD0F736BDF4F48657363C767AFFC98F8F2E5C52341D494D026416F236528C5B521DA4184BF148FB309626F348B1B12037CAA6ED5D367B4F2725F0955AC8FF577941BE521279B266904572D0BE50C5F2520E85441E3E5925D44AF032F4DC5607E6253A4245A58F35C31708D78973A770EEF2D925F48C5D918244EB5F751D1F39D9B173F7E67BBFB7F9A527B7ECDAF18B13A72FAB2DBF00E9F00305E105729156153AF01805E00FE5877147B6179904E75F6BB0AA45520AB206BA21EE97EEBBEF780F5DE0B914BB780D65F1758A334C127A5F47CB7C05030B7914F20518991CDC62898C1029509A2C488AF4684EE3D2499046D63039318973E74F2FBB347531DDDF3E588E14245A3FF275796224B9F7E8819B5E7CE3E5275F7AE97BBF73E6D8397591C9F7770A8C42D791D6625899CBE1FE7C2F1E691B26B7AA8F76F9167025D02F2FC8CF1805231A9B1A166056001F0D822831145AE06369CAB2F08D9FC6E95E9D621972B1320B2E5911176D7A16997401AE3E41C13A3D8D627C3FA3C94F3251F0F9A749D6ACECE3CCE9537F38323AF22C29C8894841A2F5235D9BF66F5FB7E9CD0D0F3EF7DD67FFF4D0F123704A2ECC8C013F4D013805D3068512C3892C6E69EDC6D3EDCBF04C7609DA126932260E3CA744564205DA2EB953468CE1E9F4028D24989441E36DDE0F83F3865B85D0D512F74AFD4D3685F4851EB47514161CF4D7126837732899318A676CE89C04CBD2B312AC209EE8964F0A821A70F6F4199CBD706EC99DEB3E142948B47E346B62E252F23BAF3DF7D1AF3FFFFFFDDBFD870E7CB43657811357DD7D8EEECACE9F8B65B02693C5E73B57E3C9D66174270A48685C9FA840E3942D0BB4E32B414FC5C9D2F86238DC784C0271C372944B155810A5178D605DF303B74B63F5602BC25575832C888FC14A1C2D89149C04598D2A05EA699D62114D9139307891DBAC4C65A8C6AE8CE1E2954B03510C12AD7FF1BA32331ADFBBEFAD5BBEF9FCD73FB77DD7CE2F5D9A1885E3380A1E622A97284E31C4CDE92E7CA46D108FF5F4E3FAC4305AF9097A45FC1BDFD764C7073DCFE79A86EB927B4456C3E35882B120AE5816CDE0828526F74B901E24B3427BC27F2BE31264BA54D51005729B3AAA1A32D9043452121F157A1F7A619A1425A1D5954D0B602D93A5222E8E8D0C8C4C5E4A0E74F457230589D63F6BBDFEE6AB37BDB0E5A5A7B66FDDFE1F779F78135ED9578A11538A11231769593A87270B2BF04CC74AACC967D113CF4944EC5B3602E421DC589C8271B618DCE41158104BC514BA5816768154D04D8E1AB4E69390D4AE4421A4687E5DD87D8F6127F43ABAA54B31B4D43C24CD0462C92C59961972E7C805A3F3E41BB7E8F25BFA1CDF50E06E59359CBB7CEEF7C7AF5CFE2629C8994841A2F54F5ABB0FBCB9E2D5ADAF3FFCE2B6579EDC75F4CD8FD7C62B2258C8E9B2A3E70C1D5DC91C6E6FEDC1E31D4BF144FB75E8CBB4D113CA4095B7EA051246CE3C99E216E91410B05B04D752BBBECE0C24260C560E52149F8EE71924C6AE177A544D0A12FCD37C3FFB495E10C4B3F85B2E5A29166A73E248C6B3A8196C951CA51C0CE7226BA2B9F41E6C9992742BFA18BB7C1997C62F0EDCB2F6F64841A2F58F5BA7CE9F2A6CD8B9F1F197367DFF89CDDB367E616E644E60E85A07093BEDFE0912CAF64C4614E399F615B8B37510EBF23D52E5766B45186E8DC455F95E148293D0B3B7A4C12443E2DA15926972A548B875DACA39BDABDA066362193C4E35191E1D43C5178D001D2A76F1176B0ED74374DF50779362B52ED818A8C5290ECA63C63415C8915DAA9C2295F3E70DD5B6CBAE17E9E9C2E42C2E4D8FF5443148B47EE83A3F7636BF7DDFD67B37BDF1EA637FFFCA0B5F991899A62097847C48F08252B9D6E31A2944173ED1BB121F6A5F823BB2C31433986414E6C90A58A40E065CB21A86A38BFFE5B392F8DCD96761A23C81E9E959B824CD393D8EF6781AE96C0648B058F06BD97AD0EF7CD3EDC5272775437FD1DF3EC52A1E290843503CDF210534907534B4E949B4C4D2889182380BA4ACF416465C97FA8727164757957817A8D0E3F3B3A56CA420D1FA07D7F36F7EFFAEEFBEF6FCC7766FDAF61B17CF9EC594BD206C853E57C0297C6D3135AC6D69C5EDDDC3F8A9CE35B8A96590FC7C53A0E5A0E732379514197C8B5C29B20326630BC9E7776C944B33383079161BC74EE3FC5C0D93351703B1247EAA6B000F0C2E87AB51509DD204CECE592EC34C023F0C42C8E960C67371BA9804DE8BB3B5A0F883629042C544968B8E664CB9665C508C73155DC52C9C08F002D8C9C242191353531D918244EB07AE9D6FEF58F9F2F60DE44E6D78E2E8E1C34FCFCDCEA807181E428265D0AE7B7DA18B628C613CDC3A8CF5BD4B31982C900BC4A0AA2A2C12E898A38A7CBEE6AACD5F8B9372A4815215E3572EE2E5B143787EFA020ECD5770850478A1A2A3DDD4918FC770475B0F12468A3C2C2E58E88162E8814B15188D06246BB145D1829884E1F2CAC4204EB14CD6D290640614521009EAF931D3574D5961D28BC18BE42B96ED2AC6A6AFF49E19395D5836B07C36529068C97A6BFF9B2B5EDEF5EAA35BDFDA7ECFDE7D7B3F333E7A450967425D2583DC9E659916DCD73180477BAFC31D2D031826C530130909B23D6781025E577669DFF025AE10681429876B792855A67166EA22364F1CC2E6EA059CA3A0389EC82357ADA13251C3E5AA8363D532A66A357471264C80889C65624DB3FF519FC18FE9CA229045D258613DA520B99A8634B9703A29209F9364BB58F29214F7301E8BB15EAC7CA43035BF420A32F695A999C9FF122948B4B0F7D8DEA1CD6F6D7970CBAEADF76D7A6BF31767CF4F29AA4E06F66574644D837CF8046EEFE817C578AC6B399673002EC50812DE6A9184D20A8E662841D31C725938D54AB107590867B688B7274FE13B33477138310B73492B56A7DA24C53B33B58043D58B28937BD46D2428AE37E9B5AEB8729A48B20ACD3557FBA19F85F5595A6F25CE57D62451F590ABF0C789C148C625EE90C3B27BC56410A6649CC92D54A96AD77231393B41B7A9B6C8C5FA095E672F9E2AEC3BBCEF96EFBCFADD675ED8BEE12B33E381C548EB305B74C910156229DCDE358CC7DA7AF1D4C04AAC6CE98348916349A311679E7CAE8073BA56025E171E59110E8E0DBAB4B65E836B97C9B12F62B47805535619431D3D18EA1D422591C2F87C09764947672A8161A4F0546B1F7A5379150CF0B99052F8B4BB73BA57632CC8BBACB092CE5683C18D3E07EAA66AD9D52D077152D2389D8F194FA8C70265931049FAAF7C0E571470917ECE178B985D982D440AF213BAFEC7AB7FF7F0E6DD5B1ED8B0F595DF397BFE0CC9BB432EB8267E39EFC031929ADB5ABBF091A19578A46725D6E63A9160D789B34F1484331484AF1CD37DDA64615CB21431DB957E258D5C31A943D0CE1DE3C897B6739B02EE9BDA07D0ED76C326D7CA5930502C7A982DBA58283978A86310EB93EDB8A1658814B485B67D12E49A454A41AE9246D689E20289A87F589CEEA3017094FF55FD84A156093215318E415C056A644BA2C5589174C5FE4EC767E83B2BBCB360A3B850C9470AF213B65ED9F9DA2D2F6D7FF9C3AF6FD9F0C8858B171E9E2DCEA82AB4AEAAC946DCC0AAD6767CAC6B253ED6BF162B3B7B904C184871A4CD156E01F7D9420E2D4858127E93FC7CD3B12581CBBBB14D1268F8748B6922ABBE9B41A23587A16C1BBA59719C1A34DB0617CFDDA4052BCD930912C8180662099D148EC4DA9D459CF11F9E4DEFE1486A580B837384E95D5F9D7BD034257773755D571645E34C152981414ACD94BC599B0275FEA0A626D68251C0EC02729CE3D1F90AC891DEC7A573B34A36E6CBE56CA4203F216BFBB13757BDB6E5B5875F7AFDE5278F1D3FFCF4CCF494F2BBE3CAAD60C1BC8D76F1DBC9C5B9BF6F29EE6A1B467FB6550A7D1E09B44FD6818B690CFD10C8471040B39FCF35072DF07304F827CFF3653BE71DDC25673F9920EB134B23CB4FB4E84D19C498D095C4B3B41AAC0C64252840968E5ACB10842D07FBBE4B3BBB17A4AD16150635D524D5044091165C3F80AC089044176B92E28A3A1D336726A572EF050D561CE748CB6F10B4FBFCE66C614A1A6CAB1A8F14E483AE1807B6AFDA7360CF6D1BDE7CFDB11D7B76FEDCF4C5719506CDA8502245D661B0A50DF7F72CC5C706D6624DA11BCB721D2A82A5C0DBADD504AE21E041962272C144585D43BAF734DA7955276CD0124BC26E8A0BA30B3AD7D054529551BB1EEFD83CB383AB71867A8DE8916B49A130B037746C8A61485AB9A3900B8C9ADAE395DBF4AE41089A94C757E714AA8EAFE0EF715F93B8284C056B9EB2387C5E7A009DF775BF9EF6D5FF9199B34841DE87EBE0C9837D1BB66D78FCC58D2F3E79F6E4B19F3E73F192F2CD93EA9649C78552E7E6B67E7C64700D1EEBBF0E83B93629B68114C2B7CA620D34C9D306BE7CD873213F7C15CD860AD05CD016F9F385BA87A73C31BD8E4F2E588C8378CEBCEABE0AA6ED204B452E9421545531D23B16D22AC505F41C4793D91E926D32825AC5BBA577032508DF5FCA1A501DB8AC201C93DBF4BE0E1D844B2BBE1622804D510A8F5C463DB084C22A44276459E574A4201FB075FADCF18E0DFBB73DF8E2E6179FDCB573EB17C62E0516832EB5C9FE38894D7B26877BBA87F164FFF5F850EF722CA3D880333C2E05EA0657C1DDA0BDD5506E8AAF873B2F373ED9141F781C11A8F42B236D1B09D6C0ED8120702DD392DE709353BFBAB20C2EEFD6464C766C613BE4DF199BC5168924D3145D7361936B15F30C115A8FDF93ABE98BB0BC5AE045693F30A3A587D6832D9FAFCE4DF734051846A0E8DC9A1BB898A2F2AC209A92489B147A7A66BAFDFCE8B9EC70EF7BCBFC1E29C88F601D397BB46BDBEEADF7BEB973F3039BF7EFF8D59191510A362D856962683909414B3C81BBDA07F1C8F06ADCDFBD0CD7E5BB9049A49452D4AAC24EA8242BA8359340B3E5507EBEAEAAD35EF03B03FE58A018861E96B7C3FE0C4D290F0B38C72DBC630BC4A366D3430E590F47287E1C729912AE2EA64197C0C396F764AB227F0A459627453C43D085F60F4DF3C26F4AF9FAE1DF9AB22E810992C0DE53901906286A6A2015590D43B9914CE240E7519CB77EBB56ABFD0914AF7CA420EFC7353A7629B969CFA6079FDFF2C247B61FD8F1E599CB937461995CCD533B235DF0C15C0BD6536CF158D752DCD7B71C4B3ABB908F2548360CA967F8DC0BCE12C2B1811353BB3CBB414CD7C972C5C2CDAAE23902320CB7672DE85AD27C3F70FFFDBA6086FD190C6D97C799728751B6E4D268FCBB1E93C480CF31095282B71201E69B614BDCE3910B26017FE0B269CDE106D47B6A580C5654EC40417F88BCC6577DEA61BF95163CD1C7A25644C96A71F7A26E0B3C868FA1B2C57EE462BD1FD7A991D3857D870FDEB279F7EB0F6CDBB1E9778E9F3C81AA65292F87AF694A437F3E8795ADED78BAE73ADCD3B604D7B7F5A290C92AB7449E5B15A167B6364D78A3D40E1B181155CBA0FB58A0956FEF0B525647C35AF82100DD6F5891F0A7342DB1A2717CCD31027708B2C28865D1A5DFA34CC1BBE594D9DF17618CEB2632A64E862FA9B0526E980870DF89BD7AB7603DEC3A94B824B85BACA2FA2F7C9EEC099C386398095B2ABA235472F91274B678BE1E29C8FB681D3F77A2E3C0A9FD37BCBE6BD323DBF6ECFCCDE3270FC3990A601E291D66DA443BED8437B6B4E3E19EE5B8AB67196E69ED432E9E97D97D3E590C1E1520FE36579A7D43490B2983CF7C521C11B0D248ECA1ABCA9BAB180DB990E84AEAC793D82088C6EB69D77AC2357073B4C0BD4190F20559A41AB97DC54A05E54A19A5EA022ED6E63067CF63D6AE325D2E59B504969A397CA863006DB9ACD0FE7881D66BB6F6C3958375D90D9E1FBA588AF2A17EE3BC98CB3B0057CF6BC177C0C901FEDCC106A3C957E27292C18914E47DB0C62646E33B0EECBCEB3BAF3FF789370EECFCCAE98BA78192BAA07A96843A69A285FC87B56DDDB8AF77091E6B1FC2EDF95EA4F21D01CEC8510C85BC1B43E1950C2DA6F2FF3605CF2407BEA9826EC351E956F99B037449FB284C9482462DB6165AF83B9A6B15AC136610B7931BC529DA521595D969EC98398B3DF628E6B48A20678B9687B99A83A9AA8F52C5C4B09E47B168E3A383C3C8B564C9EB63D78C1BA0DC46EAF607C279D1B8CF5F4C8002BFA1B85C38B4FDA05D570B7059A161F194921964ED32A91CE2F1A41529C835BEBEBDE9D907BFBFE5C527B7EDDEF6EBE7CE9D815DB32560662203AE14C79309DCD04EAE54C7301E2A0C636DEB005A18CFC47E74AD229CB6617559F2FEBA0AAC5DBF26853F4EC39A2421BC813A3A337C9852AFF0257BC4FD1586280ABB49123CD77DF7C0D70FB33FC221AAFE565E971B8C2FE046244F201D6CA3C62B451C8DCF03430574C43B604ECFC39E2CA2366961AA044C55AAE8F22EE143AD05E40A39C4B424C523B648AEEFFBEF96E70D5CA3805D3104381A0A63C5DB029F3FFFB4C52A7A023311C8976BAB9A483CC825D718651C437B7BEFAFA4D3E972A420D7E09A9C1ED75FDDF5DAA39BDFDA76DF1B7BB6DD7DF6E2D9874BF32512624FD2939248A21DFEE68E6E7CBCF33A3CDC3284B5EDFDC8C4E3884BB1CD524C219E7250A4C22CD0719D933401A5941BB47407D407A424310AD8C3D842A545833E0C4F15D3343D085C554F12C963E03EE19D1BBA84B9527967B0615CAAE5994E170FE03AB458ED384EC2389ED1D09E1D829E99C0BC751645D2101ED76CC77C81AB48B64C0267471459E9A16237618676492C784174EEB155701418D18FD33DF30A5F45DF8863C6508A938BE7D83039DD1C5321BC66EBAABBD150C04B2FA8C09BB429648DEC42674B871729C835B446C6CE65B71FDC71F7C69D9B1FD84131C6D9D173989F9F03AA815721F4343A6E22D7E9EE42179EEA5989DBDB06D1114BD1CE9F502957166F217DA68B1E33034F48D8A2EA33341887E4079D475ADD1A20809204D921BF895F0768B852E16EBD080FD570B7EABB3CBB589A2A04EA2E5BB104EDDA49ACE85E82DE850EACAA8DE300598FE32861B26CA354E3E6431FFDB491DFD2D28A5C2EADA2658B1535D694E6F59B3C2C0FCDC40D5A933B250F49E2C1844DD6AB14A3F7F0180316583C6933F1C405AD5BC5E038DCCB62FB760435B966B252E74F170E9D3CBA6EE3AED71EDEBCF3F5DF3F7AFA18AC85202B158C21CBA752585968C78DD90E3CDA31442E481F86D3ADF4785C2E2E17B7D895898952F85270936C8DABD8425097272D90886073F41BB1837F95CF5E4FAFD6511C7E3DF00DA93EC3D86431278F2F96801584B3509A1717D02127A3389D9ACFE77043D14747C5405775163D95243A8D0EDCD1499F319EC3873BFB297E6AA3E3C7A5094B33DCA6F0222848D6D34D4D414470AFA208D2558221EEA346EE5489CEA5EADB010E0B625D7DAED6072C28023391710AF43759363DA9799182BCC7EBD8C5131D07DFDE77D3961D9B1FD8B877E76F9F38770CCE4C455DE78CD4AC64984C7F2E8FBBDA7BF054C70ADC53208B91482BC520FFD9AD9549144CD1235FB24B8E225A3374C9CC686E30D655D71BD2EFA30ECD5082E7362ACC68AA6984275A07010629D370F7BE7AE76E72B034C900B8AAA7836BEF1494731F86C584712490894C0BFA2918EE8E17709B51C574B20CBF8FB97453684FB4C035520A6EA82B10234FBF098B7C12D7848AEA37BFB916E8AB17A4764955123A2A095210C676D56A52ECF45469077A0D822DE3CCB300306D65F8E26D49B4150AD39182BC8705BE370EEDBEEBBB9BBEFFCCCE9D5B7E6DECE27914CB5571A1B43C2B86891429C660268587DA7BF158D7106E2CF4A12FDE86380FB9A09DD0AA2D081A447A7C38D06430861980F13C65195C511D3DD8E57DBC03347595C568C4138BF1558BB3558D17694D9ED8D5FBAD6A9535E96D0D8A234A42F123D0129784BEEA8AEBE5A662305371B467B2E808D2B3925160980983240D4B9D1A050DBADE8CB9F21B9541E84D262FA89A732C02C55662270D94921ACAF49D39BC99A8F28A786C5AD5171DE66487BCC056878BE549497385D948417EDC16E3D4C98EAD4736DEBF75CFF6FBF6ED7BEB2B23E7CEA35CAA289ACD4C5C5D5812F215B4BB3E9E1FC4039D03589F6D435F3A8B1443B51D46DD9565FB8B257C85ACE3742DBFD4B2032FCA11F7417650F2BD5D0EB6BDE6668A30EE68F24A7C3DF0DBFD4559A17AC26A11CC5CE19BB477F8FD8DDE0CC960D131791027C3458C2AC34BB224795C5BB05573169DBBEE7276AC069B14876DA0CE2967869E7050CE25084E3F339CC54B41E5AB03C5C40F4E0C2834A42F2C2AD2D445CFB4E2A4206441AAA4B08E55210BE609CE4CC0896C9C1CC9FDAAE417A31AE9F74C2A8D7C32B71029C88F691D3C75B06FC3D6571FDF7DF0ADDB0F1F39F03F5D1CBF8C52655E71D9F26EE6AA78E1468A311E2E0CE0A17C0F6E6CE9465B328F0C590C8D53ADB6438123EDC46155D835256D2968587E71CC0FFAC021D919766D74DA7915082F04133603959A31E15EA3F017B2A3872E575003F1C3C624B1465EA38E103C250C5438452CBF572A302B1998C916D5F89D62E5E6E7935F639265B00D8A093424495162AEE20DF50D9B5C2086BFEBC2D36E780DD4B0EFAB4C9A7FB5E27A7EBD6A2E77E901CAD85798DE6A52C75C8A5979E97D255D1C28BFCDDC5CBEE24B0938B584F0C130D1D5D28EB65CC764A420FFCA6BEBDEED6BF69FA018E3ADADF7EDDABBF34BE3E313B0E62A6AA38EAB5B9A76D99BB25DB8355DC003F901DC96EFC540AA0506599210BCC76DAEB4FF298C9466907FAEFA243C931C2B3D0419915BC26E9A38D7A65078FAD229A76131A95420499ABB3820F715E4226C3612A9F750CF543500817E9005D31667B4EA6E98AF14677E1E478A677192DCA425F1247AB3ADE88A91B2C4333230C4D52C98354FA0EF9C62F614751B6D006A37D71C46F92A00A57C5ABFA9DAE70731881758C4B09F83EB3B5CDC0C95870E349336309A7430EF927B2580495F1403654D9444E5EC3C95EEA6AF2F954DA2BFBBF78F3ADABBC72205F95758972747E3C7CE1C5DF5D6A13DB76DD8FEDA636F9F3AF4B36313A3744102B46C526DCE3DA924D690D0DC95E9C4036D43589F6A43AF1104DFD2C9C793585D15A4D6BD6D53849F2BCB2C303AC346AC1A66AC2A6AB43BA6E92D32A914F49CA104816213CFD0EBA10582191C75ABB1D83F0914470F304DDEA2CCD022972CC43CB9CD0F2F8E71786FDE5BBA886FDB67E9B3756370268EE5894E74A77BA55BB1904EC867F1994285EB2FAE26FD19EC9271E1B2116A784D4900FFAA5B086C0F1BA5942287943F9C0C984E19B814AF62BC5C82470AA2C77D45055CE6A09C591F3942B75466ABCA2DF1097476764E0C0D0C952305F911AE2B9363E6A94BA7567C7FCBCB4FBDB8F9A5FF74F6FC69CC4ECD343E25C97D229E409EFCE161DA513FDAB2141F6F5D8635C976B21689C0C52181776B4298C673F9F4B8296E98B466D085647BC22E965F5A40C9AEC1AD5998A8CD626F654298386E6F19C2F599A548C4E22A454B42EE8642C30AC3F333FCA0432F709FEA1D816180ECFA8B0C8DB85C4DF338EA20A74009A40A5D8F0B5412569845B239197F56A8E571B23385532317F1BDB18B68D332783CD78347DA96A1B5B5933EBB2E026AB0D26BA670F632058F27165375208A75BB5A51C39153E17906719114341D757E35FAAE67D31A2628D898A91661D167E3BE189D95A31C8435A6CACE191C33D1F795CEA4D1D1766DB8571F1805D9BE63EB9A6737FDDDA75EDBF9FAEF9F397701F30BF32A10CE180ADCC73CC91488AF4BE4482986F1704B3FD6A7DB913663B2633AB48B9A9E1108ACAF68343903E4296E5B8D1587C1737411CB33255C9921D7851463BC2D8E0BAD164E6104E9A905ACF37B69538E8BC05BA46886AE07F3C329348DEB0233915103B4637BB10429A16A62F2358E031882E235D2BF4053CCB188423D283A6ACA95E36236F9263AE748E95CD97B49D0F19070707BAE1D56CAC64B9D06B2311307CE9DC3C9F1691C9D2BE2ADC9797C71600D567674C0C82485C59DC91C78B22D9FBF11A4C73C6EA8D243C6123541CA5365FC003BE50A725848175C43357131649D9E335F30309DA7EFCC2E439B9B0BFA407495BD9A874226A4033066D910FA93D69E360C770F5D8814E45F6A31A6AF98AFEEDAF0E8F7367EFF991367CFACBC70FEF4A373C519199424C8594F412578DD9C6AC5270B4BF1786600FDA4246DC924E28C8BE261F62E3F3D90004DE5E579E7F763AE800C6DEE066492E8AA86CACC145E9D3C855DE90AB4FE1EA45A4C5C9A3F83B9F939AC310AE868E9A01D322979CC388F18F08222A16128A6438B83E0306CF04431CCA0DFDBF7C25E27BF1E7C8799A17A755C50B041128009AA13B61030183C528013CE1437C549195D70A62A894EB31BC3F6025A17AE40EF1EC4F52488D599D338335DC12BCE38F48B69FC562A8B02BB95BAE2B31264B12AEB071641C5185A8040F483248116404ED48836158709F68A9D3612FC387D07B3144F5CCCBA18778BB0AD79618994D124354FD2CD0CC4E46A3A2BA76D39D279D9D3DF87FEAEBECB9182FC33D7DBC7F70D6DDEB9E5FE2D7BB6DE77F8EC895FBC70F9024AA5A20AF2C2B43C5DEF0EBA1A7726798A2B05DED94E2C4F66D16366841F960364661FE78BCD2DA9BC33327181C36DA0CC4CC3A3002C4FFC722635E77D746A76062F9E3B8A6FCD9C84D3DF8E3E7A13BD6863E2E265B44C577173C7203A69C7E6D4AE101EF89E0A5685A1D0E73E2495CD3203C10A386F3D516257B04E226457E54F17150D5940ED2A2A53D3A8D0EBDBE83C104F8B57A6D98A1144027DEE23014F75CA62C069C70D330B780D13285AA48E5A4EFA408E938B38E88DC2AAAC00B25968F1A0D33D48A6095B4A2389D554BED154453E18EEE96B8DCC9BAF9AD0858A88156E2697C1E964059716A6A5C3D294A96F644166E9B9D5C04D0CF8C0F8EF049DC7B281E5FF61A077702452907FC23A3F36923D73EEF88AAD7BB6DEFBF6918337BE7578DF17CF5E3CAFE82A13C19348CEE364BEAF8B67B132DD8287B2BDB891DCA85B4949321263B8E23E314A56983D389169EA52CC920297A7D0B2B2E34BB18C679879EA62D75C5C9A9EC0CBE323D8592A633066904B54C20409596CA142EFD5879B3A97211B4F49DA378C637C72815C9226D3552E11A740558D24A678A11C2F0866FD061CE507C4EFF547B83FC371716CF61236CC5FC047F575B8AE732DF444868E4B6E8CAD3A192599C0292112C8B6540BEEAC74E1C28593787E7A0E27A61730EFE8183093B897149A5D4FB108AEDE14EBFB8D3A2002174F0FAC99B6381452817900C70F288738CA2A1662B8D0065CF6E6B0B030C7E11D7D9F26B95264316699344213E9939A4E60EC0BF9360CF52DB938D43DBC1029C83FA6B077E144C7D1B3A7D66CD9B1F9FE03FBDFF883DD27DEC2C254253873BA6229C5E7DA4282D34DAECDDD89363C426ED48DE90EACCFB4D2E331691462DA1B375084C09352C4660CC1962C8DDAB94D3714103503DC33C955E162A02BF13BE9898632B95A97C64B989BF218C78707DBDAF060D76AB4E7DB95C0385576AE49B162C1A16CA94C8BCE8910B12B44417C750ECE7C4D12047A36A1EA253F60204D83674AFD5E231FE5B45FC2ABF10994470FE0D37E1C2B3B9743134C5859809252D1E7BA03F7A61B092CA1EFE3995205D39539F21A49E9D3053C56E8C0A7FB9620934EA91168AECA56D505BF493B3D5F29B2EE3629B216CE5CF3657351995E953676C8C51D6B4FE1587B05E3B531F8C505852CE04CD93C7D91250EF734A14BD5E9FBD0994D912C6DFF500F960F2F3B752DC9E035A920A7CF9D2EBCF2E6AB8F6FDCBBF9A1BD6FEFFBD2C5331760D1CE0DE6DA4BAB0BC89E4A3691429E76A5C7F4163C92EFC13DE95E0C71AEDF34244DEBB18B2E135AC93A24B40044A8C94E2CEE8E1B5064EACA37D31142D33D117216364F23578A2E786FB6855CB576BC519CC395AA8B798A016ECD67F0D1AE6558D5352894360643B939351C0EB96461E40628430B848F5DB8841411A726AE60727C1C6DADBDE84CF70B3F94F903B8A7EA45439944ABD1EE5F86459EE2AAC115D87EEA307A26DF402BED031D6DCB55419E3E131341F88AFC4A5A6C8D541AAB7B97E05712061E9E9A94295237B7B4A2ABD02A2EA7A7A109118C066037004CF29D0CB3D703D8BDA4F5E403798D7A0DBB5EBA721F19873BDE1AC7498AD546E9FDEC5A59AE895F212B3EABA9F16E8CD8D2E8DCE8FBD02B1443252D5C7FDDD23F5FB5E4BA639182BCCB7A69E7ABB7BDB0EDFBCF9C3C7B6CC5A143873E3D3F31839A6FC1E20A6F36A8119018BBE4C62C25B7E273D921DC9FEAC4123F858E6C1A099E6911F441E85CA4B3BC3A8243ABF9B2B3AAF9DF8A9849CA7B6C2982C054B114EA8D1DDB2557C85064D15DA9143EDE3F840A3D6F63690A3D5E029FE81DC4A3FD4B91C9A650950C8F418A1B1361F734A5709C2075F85C1C4FE674C861CB251C9CBD886DC553B82956C513E50292C914DEB5F13BB42CB43B97DC32CA71079D9DFDB8323781972E8C23357E0C9F207732976C23DD5714A592E9622E2CFADB22C533E32E7A5A7BD095E9920C95C9604AB264ECEA49662AB002922070FD803041B94C4216A1A101A9D7829A077F3E2F1CE5C9490F5D369E6A46C7488F812B5E1533F459B9C82ACA439603334A512440A38DC7E1E45BD542AAC3C4DAE5D71F5FB77CDD58A4204DEBF899631D1BF76C7C78CFD13DB71E397E64CDA973679E2E913B50A55D870358EEDD66A17579278E7958974EE3A3A91E3C9CEEC19A582B0A60868E24A4F3C271C5A7E5DD9C29774CAEDCB288725D42A37880775776ADE8A71370E21AE24D99AAFEC087606E5A66FF609F3CC6846655F806591C5290A56DADF81C09D0E3E54EA4E8F8435DDD686D69918A7B4CDC335B52AF9A08982305475B575D81609234865350EC32559EC0C9AC8D5D5619597F1A0FD2CF6426A3DCC1775B01D851D8117927375332DFE3B43D85ADE397B03A7D1677F464E8DC17483198D32AC6C3A5E43571E9DE8B9325A1209D09A31965CC62CB1CBE5E009D09D951347F51AA3984D3EB9ABF989B378C3B841D310010D8366A4903677AB2D8D3EE6262611C7EA9A85A806DDA886634980BF4BE9C6CD0546241A34D8C3FDA9281955836B4E6D8B5E6CDBC670A7271F462FAE59D2F7E78C3D6571FDB7774FF972E4D5E4279A1AC109D9A1A138C40E6F8F7DEF61C1E4B76E369A315F7C50AE84964257DCA191B49E97A015882BBF668D7576420CA1A78F21F59214D3DEE0B3B4848D7A9CBC800F8E1004AD5DDC73B2B03F97827E5CDCE8BB15026B124D68725EC9AF1869F484A76C0A30BCD96C8F76D5150E678F284D7D691B42E0BB59748881357AD4CE3B47319D35D59D8760293E4B24D9626D1422E1C342C6E6B0D26C96A4DD1BBE6C4E156125860E8B896A6738CE1ADD9125E1B1BC5CA6C3F5A5A98413D29853EC9A0913BA539564067AA2CABF4F77AAABDD7F7DDC0AD0C602A2E828E415FF214C28412B851418BC93B3AD2A52413D44D2AD9248E75C771DC98C685E2086A7655E038FE3C7DF7139A1A75A0CBDE21EE9ACDDF3D7D8D77DC78C71FAFBF6EDDC148418235727964E06BCF7EEDDB6FECDA4502E6A833E18D2E118EDC8E29546AAB87F4B2346E1ABE113F53EAC387CF9110B3892637830598833CC62EC854255D05D7062981694B278EA2BAF40305922B1B57EE7348BCEC2BBFDD0FF2F9CA6570954FEDAACA3702AC9047D6C148A942A004415029553D80B80B294F489A103446897B02B563F34881F1F21C0E9A4538D90EA429869AAC1471B63885E1F6219866EC1DE8934637940A90D35CFF5820EB73E4348C05725F48394FD226B26172024FB48FE2A696A552E4E40AA2D0FEE87EBD7B4FAC8F16F489B0E570837473984AF642888B1F5895000B26FD1DBEA2E8F1436C59802AD6041700932D415CC7B9FE18F6F57AB85C1CC33C7D2E6ED765F61E6F969E351724297465BD3946E4F368EDA6F86EFDCD6FAD5BB1762C529060C5E3712B13CBC0B079A2112908996601CEE96A568420ACC9EBD006E8A1B529A49774617CB60313C5123A2FCE4BD18D07412A5A1B5D3867D5BEE608D981307168EA52EB01B08E81747A00F60B22F27A875EBD1816F48B0A8CC38DABB047764843A159B5A0B9C9D1EA2DB661A14CF59D6BF5626023E3634ADB6B656101674A659C2E70BAB3028782FDCB250B67F5123EE459421AAD5D157B8445BBD0A21412317492A09F3C7A0166C542D5F4C1FB45CDE6A484456EA42B5575514C470B0AA086A2000D51C4EC428AE2384AA9B506189153CE5A001DD183226588241626C7509142580BFF6D2B459B698BE1C0A08603E9195C19B90C5855493682BC2CEF8AC25A89EDD65DD50356F5C8FD4BE0C6D5B761FD8A7587AEC584D17B46CCD5D5D1397ED3DAF5BF9564B01AA3CE757501B934E024E9822D25B7E526F2DFFB3494162AD837750C5B3B6AD8BE3286B95612D29A4BC2602A660CD39700D9703529C8E9011E5B827037EC4D30846AA70120F217B55934419C9A5ABFAFA6D769088C54C28363A80037E0A10D6F68FCCEADAB20D76876DEC2A9B90AAE944D5C1E99C2CCD83CC6AA0EAE3814E7542A4D743EE131FCA6FE7425D07172F36ECC75E39E580B72E4E7F9951856FB693C9DEFC3AA4CB7EA46F254F1D147032AAF87707B3FA8DC072DBE5E605D1128901616279B2AF8BAB040C6C4D5F5754BCD0D61D616CE4CF1E01EDAACDCB48FB303591C6ED17071FA3C2629CEAA25188D40D6FC12A9C5A8C25E39315B8D77B3543F7ABEB5150FDDF6F02F5FBF6CFD916B5141DE330B32D83B545EDAB7EC8CCE850CAE6F85B4DFBA6AD9CC938F5ECE58A859B42BDA255C99BC8043994174AF588AA5C516E40F4E4A3AD34B64E8F1391207DA95291095DC3ABF0107ECDCBCC4B0F39829AE816EFB6A50529891092AC3759A9A503B84A6134D70F2464CA0872957684DC85C3448140222B8462FB9AF8A76E45ACCF9251C9A3F8B7DE353C8C4E96F528E2A29F434099C1B60C1D0DC5B1508AB1692558BDB6460494B377E771078A5780195AA8F75E956DCDADE854C2AA982DE987715915C1364DE0FA6CC86FD259EBFB8812B48752F82D86B08669A97559CC78866FA3C712974B2BB99C4584712FBFB0DEC4F90F5B83046C683143E6BC22E51F43741E75DD510CF98A25C76A0C37C2D8607865FB973FD1DBB7ADA3A9D4841AE5ABDDD3D63894E0A3AC69968CF93E12A467011935E5A84D7D26AD27556AB947172741F3A56B4A2FFFA76B4CFDA183A5696E0DB8CE9014980A752947431B95815936C1464A40007CE926AAC7B2C7EBDDE1588E055BC4F81EFAF85FD735A9D0F37540ECDBF0A1612285B33890207B8025264B268FADBAE69787BB42A5D883CDDAC85CE355D482125DBB3DF5088E62C121A350A4E3298A90CAEEF1840BEA5858EA12347B14B8662238DDC15765775CD0F8C9056EFFED39A5918FDE62264601983D042BB9AE33770B7D87230C2995D2387632A8AB20D5771FD5A590D875614B0B3AB4416F20C8AB393D0E29ED04EFB17E9BACE6A323D4B06FA88AE25E0546AE8E86AC7D30F3CFEC213F73EB2E75A2D56BFA70A32D4BDE4DCD2954B30353B4B71768DAC8102ED7121CDA15DA7B52B0F8DEE9B999A17DAFFD9F90912AEFDC8F6DD81EEB59DC84F5D41E14A09C8C5652292825CEBCA2371C35D5293005E34C555F18AE270D282CEB7A0DDB35EAD0E04222C7CB90A9FD50CEF567014BFA9E8ED37F874D1344C3C4867BA0E09979E40672A8F87B33D38912BE148A98A09B78A5B73053C40017B3C2CB85D35EAACD1DE1ABA3C1CE4A6A0E592E82341139F94E7A1737282CF55327246700E5ED3E1B4A6AE4434882074BF8118AEC3EAB5A6462EBF512DF70DD9880C567A86EE700C636A38329CC09BC33EF6BB177179FC341DC692B4B77789DE7F547532F2B5F582D8CFABA80ECEEB575EFFDD47EE7CF8F56B19CDF1DE5A908EA1911BAFBBE9FF3CB2E7F46FCE97C852A494D07170688DD59059D70D9D02DA790ACC1DB60EE48E8C8E9FC2FE640E85EE9B91BEB51DF7EFB491E50A2DA770CD3020D7607A5A7D8794F0D95FCCB6A35AE55429AF2118F519028BB348A194695AC8DE169033F88BD2B157C3D2D5F335515A368DD978028F760EA02B11C7DEA9058C91CB754F4B1BEEEAEC96A444FD1C9BC609D48FE587AEA017C0C9999CDA1688B87ADB901C4253943F08B371587CB04031C236DD3AD983D784C14233E45EBD37B718738D889550DC62A746AE928389BE3C76ACCF62A73982B323C7512B9514C66A9236AA4B74FC92729B5DDD43885770671DB40FB5E391071E7DEDBEDB1F3C1429C8BBACEEEE4E67DDD235875BE22F609EC90839652882E7C9A453A7E423D5932757A215B333338257722828BC74E91876E94964AFBB05E9722B6E7B7B02D9B22FCD3E3C184693805C574851F6DB39CB2295633D98B21AD4141AD2DDC4D6118C306BDA48EB9D757A9395D19A1D21ADEE8A34FFADA0EB10420426AEE6F72CD067B93F9BC2DDAD9682BA1B09B8D924AC94816465316943C31AA19E2D93B8CAAB098184EAFF3685855129AD2DA9683D24A90B5CC24588603F4CE56A8B6227ADDE84E52F9EF111DE6B043C5C42F9E3C9F739DD96C18E3559ECE9AAE1F0F91364E9C7D4A640D7CDB9AC737025557BF61EC3DE73329A3C101AF7DEFAA1AF3EFDC833DFC535BEDEF34AFAAA65CBCEB4F5663132C1D8255D3501512057F32CCC8F8FA3AB7F00DDEDFDA8D62AF4E5DA02D62B95E7317AE5180E1B29E4565F8F6439851B291E4955E832A76887124E5845A65077957C358FDB0879A5EA41B85B9F9B578F35823FA430D684F56E103084C2A73752B9BEDBB83B2C422264559CA773A2B389C75563919FA4B829AE0C5C4C5192EAA545E6EDAA20BDA12F7AF81C230E9BF97AD9E591026895996F61382952120721D5E9E27EF620391BA6A79B19539A5BCEFD46AA37B4C232EDD68A49C3936E59A8661238B5AC8037066DEC1B3D882B9397D44776282E19A5E75EA48DA942EFCF641646E08EB222573C2C5D358CA71EFAC80BB75D77DBB96B5D41DEF3F90BEB96AC3FB466F52D7F164FA5E12EB874C16B22B46C29E62F505C32E9A32DD3825E1E6E29152F55309BA84C61FFC4211C74CF61D3FA56BC4D17CB4AC4A0D5F80292A868AA7EAE05A3CA547BAAD9147836A575FDE65DB691CED5BCE6B4AE7FD57303E5E2748C1B54A7FD7002ADDFBCFDAACC1767A9188EC18046FADBE68223CF231717C6418CE209A54C6EE3E607433703783E9B05DEFC6D4607B3A343DBB1EE9624DED2FC94F48038ECFEE8317105055A1FC61AE1717C3788D5BC06DDA7AFE2132F48FF36942348534BFF3BD941AEAF2C907224D2D8B3BE0DDFBDC1C1AEDA591CBF728636B4922A44B2729CF3656CB59E546E2FBF96BB0DB99B2D96D070FFDDF7FEE77B6EBD771BDE07EB3D5790DEDEE185B52B579C6C4BE58005BA487105ED60884475A64A56644E5830DA4841BA5AFAE9DAC7C58FF62C0ADA67C6B0E7CA7EECC82C60CB4D491C5D1157D9B00A43D70D5108953AF60372324FA0DB7E9804F5BDA0874157332B7C856B57B4A1415DC0F7EA350FD46B21A19FDF202CA84FA66CAA9B68080665927FC2440846D064C4B51946FE0A26CA0B6779D8C1B832BDE98645EF1B66B204D6E15A418153663B0BCC450644F14FC70FD84A546A58755736F8B4B4E05C7D4F55F9B9DAEDD74D888A9D38E8F7C234B0AFC8B4D922547209BC75631EDF5FE56373F52C0E5FD88FB235A752E0D3F49CF3748C399555743515C3181C333111DD02B076FD8DAF7EF2899FF9DBB5D71828F19A55105E77DCF8A137965DB7F47939A19A1E647FC80A542CCC5C9A43E94A09994C1E3D2DDDE84A7792FB2BF4E0B049D046264770606C37B6B455B0E9D6561C5B95428D762D53DC3587ACBA2D3BBC1E50F8C08F05332F43CB12548DC30C9190886A8D78C2F3EA53939A1C1F2CE2B90A3DFCF0EE10B2E135C627ABBC59F03B57FA192CE63A0D88876F5FA5684D8D19750E2AAFDE34A91439A81D49F2D409B25E9EE2036E6240D4DE0525CCD6C543D37BE9A88F93E63E7CA98F707FBBF07BB9B0720676DD9CC58BEB6378431FC7C98BC730C7BDE6EC764DD08B4FD3773AAB07ACEE017A883B2C2D45E933B474109FFFD4CF7FEDC9073EB213EF93754D28C8E3777D78CF0DB7DFBCDF2C90299ED5142E8A777DDAB5E6AF9431777E5ACC330FBDECCD75A1902E40674020A774E9FE91CBC7B17FF41036B62EE0F5DB5B70ECFA1C2A5C2C630164ABC1422A73FA7C19E0C23BA2401BC350C157F4FB610648F3F486B5A80B7753A2ABEE7E2CAEAE2F0AAC9BD8717CAF298D1A3617D58BF4C120352F44C8BAF55DDFF79AE20F0FE190BF7A2A560BF9A47C6D319569C8321F147AC2FA8C16A673C5B2288BE289EB67286BE405440C5CE7F0DD86C2D3F166F22676DF94C78BAB0D6CC3259C1E398662715C4DAB2DD2F775868E358AA073D097ACA2014510E79681D6F66E7CFC994FFCEEBF79FCE3CFE27DB4AE997E905BD6DEBAAF6FE0FBB870E4BC50EB70EAC331281629D730777106734379E4FBDA90C825D1A57548103EBB300BC38CC9509B4B67F69349219F7CE80EF8F7B4901C58587DDE44D2F16803648E2BC5F704BF2CE3CE18D8286DAF50EDB552AFD06B0ACD0B95EF6FA6F354B8ADC5FB897FD5CEFC0F8FF1BB8AADA46930E6E2E264A3E6A10569E2464D4F0BD2D67E7DA4423D03771535BCEF2FC67329BE376F313DB0AF7A41385E11C5701409840CFA618669316A16A6DA741C5C99C7F3EBD3D85FBE80D3970E607C6E54A597C9FD354ED2F73BA1D7C9EF38D3C68A63D3E6E5155DC4D249DC7DDFBD5FFFDC539FF9665FE7B5C177F5BE5390F543EB0FAE5F79D3D72F9C3CFF739C96F515665176BACA6415E3672691ECCE0B8CA2C0E3B96C25C033F69C28894B427E79E2340E266D64FBEE84F3A10EC46315AC3A5A824126DEC97A921DD382414C52000CBD195118558197CDD7BD5A980397495B3CD555D3F486B8EBDA3BDB65B15868FFC1A5BD9329B15990FDA0F7229C3BA8C16B70F836A5717FD01428BD5E185CFC1142E3C3310B0B3557E1797310B26ACB96A2E344570AAF92E5D8BCC2C7F18563D877E92DCCCF2F48AB81CE9DE367759817E8753572C3E2BE40EC3DE9C7F7155A978E7FF30D6B5EF9C247FFEDFF7BCBBADBCFE07DB68CDFFBBDDFBB264E64A0A77FFACACC95FCA67DAF7DC2AED02E946052055F04D9B33511C6547B1C995C5C864D1A48C24CC650F6E651F36BCA3DA9B998AF9431E9946067B3A874B52219D3D0315F469C0B2DBC53EAA93ADDBE549E3DC5232BACE7B46BB27BD5187BDCE42E2DAAB437C611342AE96AE4727D8066585B84D69846FBAECA11922D7AF598440B397A35D43351F5516B75E0E16285F09B40958B53B7CD417E23B120E7EBF0583457049A0371A61B352A35F90CA75664F1CA5DEDD83AE863DFD4091CBEB21FC5DABC6A349BA173384567729982F11A7DA764A539152C107F86D6D826FC0917432B07F1AB3FF7E5DFFEEC473FF702DE87EB9A5110110C1DA513974FF59D3D7F760DB42699F4540CEBB955643A324272C02E58424F2061C669C3B760D935E53207B0F219BB88E9B6044A7D9D30E329B4CF56915C70A430276D2368F8E99C6D61974BB9DBAEF46E6868A43FB51FE23AF95A38D8A63977AC2D321C2131C4BBDD100CC5697863CD437602184D03FFB18868B139460AB362F09A629B7A95DCAB270AEA0544712D2DDA2C984A55314A8EB7C770F8A64EBC74630E1BF2E3786BE220CE5E3A8585EA9CB4C198E364718FD3BB5EE26403142B4BC251D9429E47C2AE55D9C5C0F201FCFBCFFEF22F7DF6A39FFD463A95F12305F9975A91EE81E9F96AC9D8B8EBF54F39021F6974167AE4265925266F3591684F22CEFD2396868496455AA7788584BA22743BBE0879A93C87595292C93C5999CE1618E93452740DB3150B3A3753E90164496B9A71C1A30198A3AADE838DFAD09AE651630D8D598CDFD29ACBCF4D5CB6124A5CCD6BEB5FF5FB2298C7D57893A658285424FF9DE18DB6482143884A13A9B57FB58F0509A64D57715DCDA7359C5896C3AE1B3BF0F20A0DAF6A677170741FC6C64EA366A9013CE61572C14E90528DAAEF4C232B6F18AA33448E6CAB8C556B6716BFF0E95FF8DFFEDD277FF12FBB3B7A6CBC4FD735A520BC32E9CCE4D1B387872E5CBEBCD6B31C2134539C4CF44FD5438D1BFCC9CDCA1612147790E7EC1AC8261288C548496C1B16059A6E4C91B6958B25CC55C6319F02E67ADA506CCD2069D1EB79926A7D369EAEFAB23960D50246124D0FF6646F51A08CAB2313AD7917AF97191709B6A63504759122D4A7DF78F8418D297E3D1609ED8F0E5C3DD1E96AF071F338023D4404047D257573DCC88449DD85E98CE2718C7625B07355122FAE8F63736719BB678EE1C4F9DD989B9914BA22461EEB63647FD8AD9AF414C776D294F4B8CE034B1D5D5860F83C3ADBDBF0A9A73EF9475FFA375FFEF3A5034B8B781FAF6B4E41BA5A3B170A1D85CBDBF66FFF85E2C49CF2ED19AA60300903F9CBF3B6884B2297409C14C536395D4B428F18B843D125335FB12BC2792B3DCFA450B3C519CCD3B666F5E430D199478C2E68DB82874425A0B1E10AB5C0328C067EA92976C65595841F44A8EE37C51C8B5CA7778DCFB5AB2C47D8A1D86C8082E9B6F5EA470858F4175B8CA65A898F46A5BF91D66D04F0615A9933C68EC115FD18DE1A8AE1B95BB2787D451C07ED11ECBBB00DE7C78EC3A2CD44E336E312BD7EC4877B9C9380BE14EAA5EF8682B9186D5C0E14598656D3D0DEDA8A679E7CFA3FFFDAE77FF78F562D5B3181F7F9BAE61484573E97BF72F1FC85D8C9F327EFAD96AB6445740ACC1DD80C38A41DAF5AAC4A3A32DB958399D6C56562005C9C2725C50D11B46ACD12A889A1ABB864B65AC4586D16763E87B12505947249B42F002D454F6A2C3CB8C5D555E557F7550DDC085C906636754600BBF50626D5DFE009585793E334C3BCBC70A6A0A712B26EDDF0347676D5E6AA5AB55DAF012D0F91BD22CEC242E2D56122C253A5290115784860210423A00B205D32767210C310B2386671D734358BC3A5732DA663D8775D0CDFB9338737AE33F0766C0CFBAEECC3890B0750E551054C88C1BDED1374D4D3F49EE7032BA5EB75656660284FA4323D8A0329E6C865F3F8E4133FF3475FF9E2FFFAC76B97AE1CC307605D930A924BE6DCFEE1E193FB0FED5D7AE1F88555CC7AC1168461DEDCA8C330936AC512F8487B47814C7D1C9500A794D1D24827F2C2B25E732C120E15CB78AE03AB328FC9852B281A2E66BA0B18EF4BD30EEAA0CB7610AF3A302AAA75D78FEBEABDC2DD57E681A88E3F8687E8416151AC5B50357683BE0ADDC3A2B842771A5627E85A57562A40D47A015052E6A2B30AFA6A76B808A216C04D42DBE4065680ADA313E0CB64988FC273E9C1541BA14B0AD959E8739B8E1354EB4DCCB524717055062FDD9AC596E1048E2666B077E624DEBE740213B3E3B0E93F167A86FD9867E9344ED27B4FA8495042D31AF4AD33991EB3477A64D5DDA2835C570BBEF8E92FFED6AFFEFCAFFCE99AE15557F00159D7A482F0EA6DEB66FFAA72E8D4D1E5D32353FD7E5653B3F50207C3232362CD5BB03C17E99634624C33EAA9C47E2C9E4232164726CE88D71A6A1CBC077D22150A3617E66730EECC6334AF61BAAF0553DD39D4E882E7993B82B99AF8C6509590DC41D71AEE53D034E406AE97DE94B412BC12D3FF185A3DCC908ABDDE70BB42E087D463E87EC74080CFD254F62C884BFC00B3A285C33135ADDE8715D6353CBD01D3170A555FD1838A15E41E72CE6C930354225774B22387DDABF3D8B83A8D2D432EDE484F62CFC2299C193D814B572EA05C9DADBB49FA24BDC9193A0E5B8D055DCD708CAB14B66A7A32C4E431BA9ACF63497FFFC12F7FE1CBFFE1DFFDF42FFED58AFEE533F8002DCDF7AFEDECDB6FFDF1EFFCDA9FFDD73FF94F45BB082D6FA89376FD3AAB884F423E78432F06577523D6924235C02C257455089CAA4C636C6E0C73D50519622FC05847C12872850EF4F45F879E421FD6592DB86BC2C0AD67CA18BC5841A61C800B35E502D569FE353503C395BA8127F07337C88689901B5AC090EE2FCA43990193A31F10A07062C055A30CC552999E9A15AE853DE441E0A0D51B1435114E3FA013D535351A4E0B2160CC96E82A142D923A2CD3442569E00A05DF87FA13389FF5F076978DC3FA0CA6A7C7509E1EC57869148ECC2B91118BF0E7499D2EF93026C85ACF79D2C5E925E82413865822D91382BA14B7311BF43E6BD6ACD9F40BCF7CE1BFFDCF9FFB5FBE8E0FE0BA662D48B85A5B73A3E3B35792278E9CBCCDE5E9AB313348DA28FA4A834CFCFC748976557293F249E89904FD6E934052404F42974E14904DE48472D4F2AB02140C891BB8CF7D667A0495F9595C2E9838DD93C2546B0A2EF9E74E925D085DB23CECF64B6F92340B297238C353A4D7210D673D4A91062D152F38B2F1B2CBE4D57153F5E96BBE8A7598515E0F148289273419491600FE3C556494384353C750650D4D0D66E26A7710D3C8646572B74A291D936D499CEAD3B0E3BA043690C578ADDFC2B6C4259C9C3D85910B8731367606457237855E94358C894A46E976863ED1453A5A3140CC27C29C4500E664978F37A61A59ED6C0A77DD7AE7DFFFD2CFFEEA5FFCFB9FF9A5BFC507745DF31684D72BDB5EBCE3FFF8E3DFF98303BBF63DEEA64900B3862224E05D8D05865B48E21A5AD7B563F08E7E14DA73D291C8A44C3CE988E304C7A961A67C0513D63C8AA559192360843CD5BA024876B7F6A1B76F050673035855CA60ED151BD78F563130514561D641B2A64821A4E94A0656AA80D5F015D4C40B584F245660C18E69325A4CDA81EBC0C8B02D389CA7D1E47829643C1C5DB5C28A458002FE89FF1FD2F308DC9FA7EAC6641A2D5226CAE4829E6B018E0FA431918FE3449B8783C9A210B8B997C95A54A751AA15A57F4557D907C4C87DAA4DD3F7C911C338D9C21A69058FB786159C9619741A3B02C301773CD243997C0A8FDCFD087EE953BF7CE7530F7D78173EC0EB7DA120BCBEFDDA771EFCCD3FFCF53F3C71ECD45D4CFBA967D5B4259EF7CD00396943A26DAFA5378FFE9B3BD0BEB20097AC4DAD542141D3118FA52816316051ECB140FEF658690AF3A579C93C31691DCF398F31BE886299642E8FDEC23006B25D58A3F760E56C9C94C446F77805439336DA8B1CD4DB4161500DDD64FA7E3360390FEB26EC12C9E86FA86C96D41FDD303DAB581F1903261E9C8306C43E048969418D3C2812BA9CCD72558AD5A1DDBDD81AC799F618CEB625C46A4CB41A389998C7D9E20826E6C7A5A9AC384FA15CC5625A2EF5266C094B74DC2BA4A863A45ED3867016FB618063AAB91D6A1C82A13620C755568F5EDED159C0271FF9243EF7E12F60D5F23589AA5645CDB185953B1E8B597DDD3D56A420EFD1FACBBFFBAB9FFABFFEEC0FFFF733C7CEDCC1A310B494A15C175D590276B7B8AF3DD69D42FBBA6EB42DCB21DBA6A8425D8B89E5E232CAD9263769C12E617A6106330BB3A852E0EEF394232718CD4C02188B25116F29A02DD389DE54070613ED58863C864A267AA73CF44C7B682B56D13367A19529359978DA731BE40EE1D2D1C46888C608A7B0E7DD50F18DEA1D718382609023F682D09E82E44A2E86698AC1AEF0AD2586D92430DF1AC3E99C8B53DA2C46AC694C5B45942A7398999D845D2D0927AF706AF3E05E3EF2AC2696C2A520DCA373D62A066D1EAE62A52405676678FE2E1D2666E08C36CFFAE003D8CC8499C00D6BD6E289DB9FC023B73F8EE181A5F4580DD57205069D9F9E8CD37766B6C60DD332133187361BA7B3A3CB8B14E4C7BC7EFF2FFEE0CBFFCFD7FFEB9F5E3E7399A26CBA90494D8648723C604A000935FE8CE29196FE343A57B4A365A800236B485B2C031D9DA0F46D91D528968B58A8CC60C123CB52A9908C6AAAB0C1C2CEC24B17DFC86491CB17D09E69435BB2800EB305ABAD56F4914BD2BE40CA32473E79D545B2622357F5D0C2F3BE2D8FC9E191A93220D069D208951D53D64465A8588017528A2CC2A6F72B937558486828C7E8F7A48A2B66F2311433062EA61C9C8D9531ED94308179CC387398ADCCA248CAEE2CCC0B605329B972F70CDB17A2046D9A6EA418DA14B9A7255F46CEF9747C4310BC5AA3401AA4CBC598314084AC497F772FEE5D730FEEBCF92EDCB8FC56E4D22DA83865D84E95E2F7184CD394CC619C5CBE18F36525E230E37A8BA19B4E2C9E707ABBBAAD48417E4CEBCCA5F3F9AF3EFBD5B96F3CFB759CBB7846664CF0A8343DC82E851D820C4BE11D38D19641C7F5AD68B92E8B4481DCA7444AB145F185E440D8E5C44F0D0BE519CC96673157ABA0625B529C93E53655AA99E994942559286020D18142A205313A5EDA48A0D54FA2DB32D15D33D151D19125C54851CCD2427E7BB2E22A4C6FC096C2310F67B0989930464AC20A514C33237C1C258AA5E6923E66121EA6522E26120EA60D1B73748E55AB4C16A244E7382769D91972A150B1D4398686CAE501568CB035E11599B48DDE7B8A470FB8320E41B2B4BA627F64CA56E909112FCE0838C95C65F59816345BC0EAE1E5B8FF967B70EF0DF7A135DF8D2AC57DE5F2823C8FAD8A9E525D8D098AE893669CEE334541623C6E2D1643221E6F3175B228A669F5F4743B9182FC2BADB1C909D3AEDAF1C181BEF2E8D951FF1B1BBE853FFF1FFF05172F5D10F75828F6D948684A5A38152AADA2DC0464D2C524B7AB6F452FB20324E069DAF1E8A6C5D48ECED0799EA96193DB35539DC004C527A56A550A6E3C4343B23DC1804DE17CF6826E3BCE525180DC92ED90E135F9640BB2A93C094A326CB9824142C29D8FA28CBE1A4C631AAAB868054C286A3093236D289CAE75E89C6B5695DC40B26AB50594AD05B2743328910273905C479E84A398835E119FB5AEC49B0309FD0429C8982F143C3A12F4FE3581DF78C2F8CE99B5B8A2EF919E74AFCEE8C2D5F924C56B1DAD1DB86BF5ED78E2B647B06AC91ADA6F1C819ED84EADDECC15E2BB18DECE37B624894442599458ACFE37FF4EB71CDD2C72C39CCECEF78FEBF5BE5090D1D1A9B8EF954CDAB94A0E690113384F939FFDFD375FC45F3DFBD7981CB94426DF126B22833935956E75C329AC011F03933027BAE3E858D28EDC105B02B228E416185C753754CF89A199024DA9917016AB45CC94C8FDA29FB6E7D57182BA8ABA15E94150C443D3B86406EFB150B070D00E8A4432AD1A648329548664D51C65940C5302E212C50C65146191F5722C5715E2753DE8080CCC58F3101B7AEF98CC36217789479A95746957D6277D1893BE708139315F6A3470282E8BC7A4018AA73D793AEAEDB8AC3C9E23BD0448907BD759E8C1CAFED578E8AEC770CBEA9B908E27512E95549ECD5F6C0034AD416D142A4AA00CF55B3C1EBFFAF71433FB7776767A9182FC282CC7E878DCB15DB366154BB65D9142A0ED18E2DF978BD3D877FA00FE76F373D8796C2F6C2610E0E0321E4C4CE28B1A10A8F90A0322C53C93A740D1CE9FEE49A175490B529D29E8E91852E924B92771A12AE55D950B81DC6752AA90B2D04E5EA4609E1551A658B996F8E8BA170CE7ACB329A009266F4A664DE74E46438D19101786D5C50C9EECA9FE708EA37C46C5BA61E14559A87A9C1FFC277D31E4B6F93543C6CA81DC287F9A94634E8D21F002BE2B71E91850C84ACF24EB06F788ABF431C759AE1F304BDAB6D43CFA5A3BB16EF93ADC71F3FDB87E78153AD2AD92CE661E32DE1CF4A671D0572B46B8C45D0B9484AD476841422569529614DD9CEEEE6BDFE5BAA615646C6CCCACD9B5A46D39F33CFBA2CC63D9E882552900764918625CD1F62CBC3D7612AFBFF53ADED8B90597C89A489A927BAA0CD56B1E16D3441899D88C0589334624A4C90CB90039BA786D2692ED7431B9D724974686824E86AFB0B2190955CBA8D24E5BA27360487DA952257F9C7E47851496DC23D756AE4A9DD524B821C05585539C427679EDEA495268680482B4AAAD08AEB95809CB5023D516E83D6619CB4FC7E4B98B5C39B755ED8549AB99E9C8338D7A47A2E8811C51CD7C9738CD5533D5F59486BEF61EAC5D4A8AB1FA4EAC5EB20E6DADED4891B5B12B367DCFE496E9AE72E55C6521DED1C1D8E46A794147243FCF2037B25941C21BDF17FCFEBEB024D7EC18E8898909DAC03DDDF1EC798BB154E426B816DDB84A4DC268D1CE57B41460F0C681D5E8497762496E109BF6BC86A3E78F905B542181A2C749B8B96E00716F20F078C56608E16AAA4C935598A8C01825014A9032E4C9352A50E09DA28B9989CBDFE902294C2629832FF3EC921849646369D462599261F2CBC93FB7051849EE116DF1AEAF26E4FA01872FCF47B4C97F776C47FA26F460EC7273DF94601DC5B5520D513ED31F5514BC9C3B8AB52A442178F634378AF167ABD72D24DB76D548065F11C7C90DEAF37B554D6028E9D602860B9DE8EBEFC36D2B6F2705B919439D4BC8DD4CA042EE6469BE04CB55C2AFCB00163718A0FA0FAF508164BCB6EB2E8A4FC29B089DC9EC995EC5136608789105F9675A0FC7716DDBADA256AB815C747816ED6A2EEFD81538351B1512921A09409E7CFA7CBE830249B22667F662F3EE0D78FBD4DBB8343E46C1AE2D8C261CBC9B09551714EDD08311699E9ACBE793DBC66DA292118A290B64B2AB1627772E4D3B5E82AC4C82470F9002E57820A626C33F4D1E134D179C09EB2C9EF3A1F170005B026D35125A93B882A953ADAA23EDA8AAC743312DBA4DD5790A42EA88769F83075B57846B4E40DEC69684D101714D91BD996A8050389F5CFAE92579A0266431F33BDF1FE7803CEEA22DD385D6AE4E2C1F5E813B57DC8265434B30D8B69476F9388A0BB3A89417E8F08C2E33542A1C0A2326E59B7F0441D4BBC52457BB594D5625C1AED6B56C45CC6B597B1513A050518BBFC11925EE77704820D8AD897B0A2F5526DFA154BC806CB2805B56DC89653D2BB0FBD44EBC79E44D1C3A7E18E39353B423D2EB495904BFC5E0421E4F16B82560B2C6A42B33D84D8B825952169BAD00EDB8DE3CC53C6461CADC47CA592FAE3BC68211C9F4EDC54881E2644D422A6C4E37ABF91C8A6A8885C6E1919A3C9AD9F6C369CE421421A21728040329D99D12D9E2520997E58DA02A1F779B4A286ED068D2E4C6054C110CD1D7DD60BC83AF2C653295445BAA15ADBD05DCBEFA5EAC1B5C8765642D7824B44EC1C9EC6C1973C57178314E7270553DA6327B74323C6E8EC736E87E4C461AFC430AE1375315BDE33AFA75F72B74C5825BCD972EB5C882FC93D7F8F8B86E59E45C556BA8FDFFEC5DDD6F1BC7119FBD232951A424531F94540BA90107CD43F398007DE8BF5FF4AD2F31A0A64581C44E2459922547944551BCDDEDCCECCC7179A20CB8CD8368CF0F38DCF144D3FCD8DFCEF7CCDD1DEFC2D4AC797A877AFF7882C672C58BAAA4506F911AA015648896E4CCC25D3D76E1ECEA1CFE75FC0AFE7EF437F8C7D12BB8B8BCC6C57A03D4FE9734866225B5FB61550849D8663771E0055C568E038EEACE2DB8F0A9480DD754D7265B9A95FC929FCBF70B5717FF49C514BE2727AEE1D92C9228D72EDD48939BDAD946DA1C81108BBA60896B40AAD90C41AF231A44CBEA2031D63A7DD8DDDE833FFFE95BF8CBCBEF618754AAC173183CEB935208A39B890408A7622AA55110A4E2D18802724294456A814AED5A8B56848FAD15279F297F0ED9212A3572C99179B5D80E190E8726413E99B929A7A98B227F1C50AD984A462DAF39FCE257B8466842E53DA87EE34FEA52EBCD7B544DA668C8AFB4EE617F6708BB83BFC2CBE75FC377DFFC137EF8F72BF8E13F2851CEDFC2E87E84368D18C3A2C35755CA8BE22A4499C4E9DCAC032277ABE5FE59E90F5499977AB1A5E6D2453D15368B5550ED489952D9B555907641D1310C5A6A5E4847C754F917E7DBFECAF378BE60953A180AAFF9FB2871E1F57B7D38C4CFFCF2E0057CF3D5B7F07CF78FB0FD6C00BBCF7650F8956CAA5FDFDD24E2938D4F2A20C545F03BE3CC6592743C4201BF8E769BF52A4F7D75A9782C160B25444E0835D873A2A8ED4164E1764064D7CC6C92F094C9F1E4BD5827A7A71D7F7FDF42E9F1613CB9033448D0A698B0AA544D48AF9FA0DE5FB1CEC23F34EE82BC68A57714B504E2A01DEAEA137F8B12E50C7E393D019AC97EF4F3111CFD74041728658864E485622D425BF43AA8A581AB0783EBFC1089463B27ADACA47349361D4A5BEA2417B3FCDB7A97CF86ED689AAF4BEA5ED4E83D64D7F97BC2FF8F6A5D620B75FBD555180E76E0C5DE57F062886AD3D63E6C6D0D616B73087B5B7BB0DE5963C93545DB88BC7F534F8E84291BDEAD16A9915EEADE1D4B42A2A5775EA63AB4EB710911A4D2B22121940C4A9A9C1CB9FDA1C142F56275BB5D76F5E2F59377F53EF938C8AFC7C7ABF793FBF19454ACE9943B97D0604F32DC29B24B0137BA9FCD2DAB3BF6B05A235E934EBBC323873B481AAA2A7C7DFC13FCF8E647787DFE9A8973727E0A67EF2FE0663CE245C4F5E632F3B076C5E69B67A1CD10255D5D16C76C5E48ACBB09B96667D0AC297CAE1A659D1FD2EBA3286B53B30A54D3CBB2CDF6C4F6FA000E36F76030D8865D24C13EAA51873BCFF1F8036C7437399652E1E7A6F4FECA57FC1D784DC20475C9E6837A4432895E38D70FCF056973EA6A2F56DDC5D1B98F7AB34862A85A95AB594A1A3CB7F7F7F72D0EF27BB87B91081D24410B49315242103938F5814843F608C722FC83DD2D57EA29CDA38D446917B88B75E8476A716CE5D7B35FE0E7B337F0E6F218AF4FE0028DD6EBC9258CDE5FC3F5E803B71A4A730B6543D7310A128CD429B2F323D86684AA3B9314D21D0B19433B7894FB2DA9CF8821A921DDFE2AAC757BD0EFF6610B09B1B9BA8E364517F6A902727888C43884C3C110861B43347F0AB8C1CDE3834742A0A42849BDE4E230720ECC0F275DBCA8F3A9586E2EBE1163DE80AB784082DC4057F54A534E725B43E3216283F4903C15498FA7AE5E2D4DAA09E1F8F8B823441929417272E86322897A4C72D1AF3F662BCC374227AB9ED2B557D7BABCEBDDDE8EE1FCE2144E2E50B2BC7B076FAF2EE0F2E69223E9B7F7B7A8D6DD01C565269331DCDEA1DAE753D7788F52677C3786304DAE5D27BD762B4FEE656A7487078DA3264318A5D21AFE7F9D7205BAAB5DE8D2E269E1F5CA066CF47AB0D9DB84EDFE80A5C5607D8B8DED1D94162D9422A46252BC85BABF7B2486C7F7125306A2B41E4DBB37CF6E8F8BBF838704698AC7FCF9DA57AB7CE0915252E8A1D1F32C1858AB5522457A448C838383A5C9EE5DAA6C5E8A8D1049901074FE6D1141F49E4E4B6AFE98AC36F0F425C7330D2996C1D9ACB890CB22A00AE638458412FF4A0A28E2621BA394A14EF2A39B6BB84123F716C9713D7A0F641751DA38251A92CA77FDE186A3ECBCC39258C0454BEEE8355CFC1BEBEBB0D259E5E22312345B1BCF606DA587A45885FE1A4A8BDE06F4DA7D6A9CC7014927A31734793166116B2EE7E58DC0B39AC7DE26FC4C554C0B9A0293457C7C2EC8FFE77A8F7311739518EAB1CAF3AEE89088FA26C53B5082DC2D83D4585A8234A5094A8B911244C9A1074912BDCF3FA864BC06997ACBC98B90F2B2B89B27118A0680D2345647098C5D5E7854E3E0A4869C56364B0C7626796EDCC0013451AD82F7B3095312D50E62B026A952D4AA5FA19169975CC8F46E5A45F25E51E3878AF3C0922DC4D584D369DDCCC133C9299DA4556B484EB37B9D4F4E8AE83E1ACC7B6CF1C766C7F84CF2A85A9547C6553AE4F9579941BE49EA14916399A4C6D213446D13922474907D82E73989921347ED13523B9264F129B3563C47BCBE4985E07846224B211D0AB589351B97AD4E8A2EE3F34A3C1CD9119CD5EBD9A628E53E67E0FA30EBEB4BC1418EDB549C6A4E07BFAF2046B404CE888353F2A649556214A2511C851315838C7C76A94755943EBD4E6A3A38F917B46590C635E2A30469E6552D52C1F25CAB5C52D0590FB5379420788F24C63DA953CB60887F960469061571C175842844982BB545E609E35902783464D36E1FD202E50C5A97C68D711D76E0CE284E76CC2A04F15A25C355DB7B1651028732295777D914E00E75D3EB425CA9C96115522F5B0E14B6EAB807EFCE41F47C8EC083BC1655FF790ECE78791D1EF4CC8D207C8A9F44579BD0411ACDB1171ADC47837B8BDCB6F9A1710B25422E21942CD97D56A38814742C4B3AFB174190A69D426441821478B4F0B8520942670A8ED1045D9220DCA69F0843718220671A81A6D57F5EF2A69CE8DE9A52C1F685E3487611A2E8372941CFC9D8E9280BAE126F579DACC7DEDF429E5BCE0675F2B2F68D26D3BA7B27A2C80F96D25464117BF6A839AE52045DDC21CE8D626892A019D46BAA4D1AD4D3B39222B7379414A442E1119621A6610469E0EDDBB74490A48A1159A6D3DFA82F16DB29922B457D6B295E1065226C60D204961AB9DB9825924FF600134032752177278758AB54EC5952A902B331CB4E828C412756397D99929D0315B74A0DFC1CEEB7ABCD1CEA628CA4A2B10AB7D0DD1AD9A649E5C759CC2323852E7E950E7A5F17BEFE3D27883C1E1019D44DFBD4130D8D209F68B310592212A562D2A04A56B19479176416B826D1111928B8E6C36C0434DF93E9B1F5F3E55AA3EC511BB1714824CCE603B20B36CCCF17890F671CAAEA55B763CF27D066C195DC8E685EAB8B396652418994A779E404C925467E4F08C11282D242E87AD96D0A23C8274998339430159A08916B4F32B58C1EBF4B5360E38C34DED792203F378FD98E1E66AA59880B6D80FC5A472D2CF899B2BF2509A1F651AE32E9E24FDE32C81EBB660ED45C6E944A0622811241CEE17397104690FF513513023C208FDCBF6A1224BFCE559EC7C8F39817E93157AC2EE64506354177FF9C10D9E36D5AF0780E3911F2E34B278211E47754D564B1172269782B5732E9DFF2332ECCAB266916B9549B25AC8FB85B07D9E39075166102C8B9BEA7F7972D406704F98208B5C0B5BAB03E8F48962FFA0641EAFBB6DB1B410C862781C2BE0283C108623018410C062388C1600431188C20068311C4603082180C461083C1086230188C20068311C4603082180C461083C108623018410C062388C1600431188C20068311C4603018410C062388C1600431188C20068311C4603082180C461083C108623018410C068311C4603082180C461083C108623018410C062388C1600431188C20068311C4603082180C062388C1600431188C20068311C4603082180C461083C10862307C76F8AF000300A00AB78ABB03C83B0000000049454E44AE426082,NULL);
INSERT INTO `driver` (`id`,`first_name`,`last_name`,`contact_number`,`photo`,`licence`) VALUES 
 (12,'jkljkj','jkljk','3423342333','','sdfdsf');
/*!40000 ALTER TABLE `driver` ENABLE KEYS */;


--
-- Definition of table `hotel`
--

DROP TABLE IF EXISTS `hotel`;
CREATE TABLE `hotel` (
  `id` int(10) NOT NULL auto_increment,
  `name` char(20) default NULL,
  `description` char(255) default NULL,
  `contact_number` char(20) default NULL,
  `location` char(20) default NULL,
  PRIMARY KEY  (`id`)
) ENGINE=InnoDB AUTO_INCREMENT=5 DEFAULT CHARSET=latin1;

--
-- Dumping data for table `hotel`
--

/*!40000 ALTER TABLE `hotel` DISABLE KEYS */;
INSERT INTO `hotel` (`id`,`name`,`description`,`contact_number`,`location`) VALUES 
 (3,'Hilton Tower','Best Hotel in Ujjain','7000000000','Madhav Nagar Ujjain'),
 (4,'dsds','dsfsdfkhsdfksdhf','3423342555','dgfdgd');
/*!40000 ALTER TABLE `hotel` ENABLE KEYS */;


--
-- Definition of table `package`
--

DROP TABLE IF EXISTS `package`;
CREATE TABLE `package` (
  `id` int(10) NOT NULL auto_increment,
  `place` char(20) default NULL,
  `description` char(255) default NULL,
  `date_from` char(20) default NULL,
  `date_to` char(20) default NULL,
  `fare` char(10) default NULL,
  PRIMARY KEY  (`id`)
) ENGINE=InnoDB AUTO_INCREMENT=3 DEFAULT CHARSET=latin1;

--
-- Dumping data for table `package`
--

/*!40000 ALTER TABLE `package` DISABLE KEYS */;
INSERT INTO `package` (`id`,`place`,`description`,`date_from`,`date_to`,`fare`) VALUES 
 (1,'Australia','Melbourne Sydney Perth','2015-03-03','2015-03-17','100000'),
 (2,'Paris','Change to see one of the seven wonders of the world Efil Towaer in Paris at an unbelieveable fare','2015-03-27','2015-03-31','5000');
/*!40000 ALTER TABLE `package` ENABLE KEYS */;


--
-- Definition of table `package_booking`
--

DROP TABLE IF EXISTS `package_booking`;
CREATE TABLE `package_booking` (
  `package_id` int(11) default NULL,
  `passenger_id` int(11) default NULL,
  `booking_date` char(20) default NULL,
  `fare` char(20) default NULL,
  `person` int(11) default NULL,
  `id` int(11) NOT NULL auto_increment,
  PRIMARY KEY  (`id`)
) ENGINE=InnoDB AUTO_INCREMENT=15 DEFAULT CHARSET=latin1;

--
-- Dumping data for table `package_booking`
--

/*!40000 ALTER TABLE `package_booking` DISABLE KEYS */;
INSERT INTO `package_booking` (`package_id`,`passenger_id`,`booking_date`,`fare`,`person`,`id`) VALUES 
 (1,6,'25-03-2015','100000',8,2),
 (1,6,'25-03-2015','100000',6,3),
 (1,6,'25-03-2015','100000',6,4),
 (1,6,'25-03-2015','100000',6,5),
 (1,6,'26-03-2015','100000',10,6),
 (1,6,'26-03-2015','100000',10,7),
 (1,6,'26-03-2015','100000',10,8),
 (1,6,'26-03-2015','100000',10,9),
 (1,6,'26-03-2015','100000',10,10),
 (2,6,'26-03-2015','5000',4,11),
 (1,6,'31-03-2015','100000',2,12),
 (1,6,'31-03-2015','100000',2,13),
 (2,6,'31-03-2015','5000',2,14);
/*!40000 ALTER TABLE `package_booking` ENABLE KEYS */;


--
-- Definition of table `passenger`
--

DROP TABLE IF EXISTS `passenger`;
CREATE TABLE `passenger` (
  `id` int(10) NOT NULL auto_increment,
  `first_name` char(20) default NULL,
  `last_name` char(20) default NULL,
  `email_id` char(50) default NULL,
  `password` char(50) default NULL,
  `address` char(100) default NULL,
  `contact_number` char(20) default NULL,
  PRIMARY KEY  (`id`)
) ENGINE=InnoDB AUTO_INCREMENT=12 DEFAULT CHARSET=latin1;

--
-- Dumping data for table `passenger`
--

/*!40000 ALTER TABLE `passenger` DISABLE KEYS */;
INSERT INTO `passenger` (`id`,`first_name`,`last_name`,`email_id`,`password`,`address`,`contact_number`) VALUES 
 (4,'shraddha','parmar','abcd','jb','nkn','7000000000'),
 (5,'abcd','efgh','abcd','12345','Ujjain','7000000000'),
 (6,'abcd','efgh','abcd','123','Ujjain','7000000000'),
 (7,'abcd','efgh','abcd','123','Ujjain','7000000000'),
 (8,'abcd','efgh','abcd','123','Ujjain','7000000000'),
 (9,'abcd','efgh','abcd','123','Ujjain','7000000000'),
 (10,'asdf','ghjkl','sdf@dsf.com','123','Ujjain','7000000000'),
 (11,'jdlfk','jkdlf','skjf@jds.com','123','Indore','7000000000');
/*!40000 ALTER TABLE `passenger` ENABLE KEYS */;


--
-- Definition of table `user`
--

DROP TABLE IF EXISTS `user`;
CREATE TABLE `user` (
  `id` int(11) NOT NULL auto_increment,
  `user_name` char(50) default NULL,
  `password` char(50) default NULL,
  PRIMARY KEY  (`id`)
) ENGINE=InnoDB AUTO_INCREMENT=6 DEFAULT CHARSET=latin1;

--
-- Dumping data for table `user`
--

/*!40000 ALTER TABLE `user` DISABLE KEYS */;
INSERT INTO `user` (`id`,`user_name`,`password`) VALUES 
 (1,'meena','meena'),
 (5,'user','123');
/*!40000 ALTER TABLE `user` ENABLE KEYS */;




/*!40101 SET SQL_MODE=@OLD_SQL_MODE */;
/*!40014 SET FOREIGN_KEY_CHECKS=@OLD_FOREIGN_KEY_CHECKS */;
/*!40014 SET UNIQUE_CHECKS=@OLD_UNIQUE_CHECKS */;
/*!40101 SET CHARACTER_SET_CLIENT=@OLD_CHARACTER_SET_CLIENT */;
/*!40101 SET CHARACTER_SET_RESULTS=@OLD_CHARACTER_SET_RESULTS */;
/*!40101 SET COLLATION_CONNECTION=@OLD_COLLATION_CONNECTION */;
/*!40101 SET CHARACTER_SET_CLIENT=@OLD_CHARACTER_SET_CLIENT */;
